{"v":"5.7.11","fr":30,"ip":0,"op":90,"w":800,"h":600,"nm":"girl-pack 800*600-wave","ddd":0,"assets":[{"id":"comp_0","layers":[{"ddd":0,"ind":1,"ty":3,"nm":"Null 8","sr":1,"ks":{"o":{"a":0,"k":0,"ix":11},"r":{"a":1,"k":[{"i":{"x":[0.5],"y":[1]},"o":{"x":[0.5],"y":[0]},"t":0,"s":[5]},{"i":{"x":[0.5],"y":[1]},"o":{"x":[0.5],"y":[0]},"t":15,"s":[-5]},{"i":{"x":[0.5],"y":[1]},"o":{"x":[0.5],"y":[0]},"t":30,"s":[5]},{"i":{"x":[0.5],"y":[1]},"o":{"x":[0.5],"y":[0]},"t":45,"s":[-5]},{"i":{"x":[0.5],"y":[1]},"o":{"x":[0.5],"y":[0]},"t":60,"s":[5]},{"i":{"x":[0.5],"y":[1]},"o":{"x":[0.5],"y":[0]},"t":75,"s":[-5]},{"t":89,"s":[5]}],"ix":10},"p":{"a":0,"k":[340.441,230.813,0],"ix":2,"l":2},"a":{"a":0,"k":[49.487,86.001,0],"ix":1,"l":2},"s":{"a":0,"k":[216,248,100],"ix":6,"l":2}},"ao":0,"ip":0,"op":90,"st":0,"bm":0},{"ddd":0,"ind":3,"ty":4,"nm":"mouth 3","parent":1,"td":1,"sr":1,"ks":{"o":{"a":0,"k":100,"ix":11},"r":{"a":0,"k":0,"ix":10},"p":{"a":0,"k":[10.394,96.157,0],"ix":2,"l":2},"a":{"a":0,"k":[256,256,0],"ix":1,"l":2},"s":{"a":0,"k":[46.296,40.323,100],"ix":6,"l":2}},"ao":0,"shapes":[{"ty":"gr","it":[{"ind":0,"ty":"sh","ix":1,"ks":{"a":1,"k":[{"i":{"x":0.5,"y":1},"o":{"x":0.5,"y":0},"t":0,"s":[{"i":[[15.174,3.162],[-2.247,-0.344],[-2.827,0.507],[-8.273,4.839]],"o":[[-1.265,-0.264],[2.627,0.402],[7.637,-1.368],[0.967,-0.566]],"v":[[-14.595,-3.188],[-4.25,1.647],[6.386,1.967],[23.022,-4.976]],"c":true}]},{"i":{"x":0.5,"y":1},"o":{"x":0.5,"y":0},"t":8,"s":[{"i":[[0.308,0.251],[-7.79,-5.285],[-8.177,5.379],[0,0]],"o":[[-0.308,-0.251],[6.963,4.724],[6.482,-4.264],[0,0]],"v":[[-24.354,-6.633],[-14.507,7.227],[16.287,6.938],[24.841,-8.691]],"c":true}]},{"i":{"x":0.5,"y":1},"o":{"x":0.5,"y":0},"t":45,"s":[{"i":[[0.308,0.251],[-7.79,-5.285],[-8.177,5.379],[0,0]],"o":[[-0.308,-0.251],[6.963,4.724],[6.482,-4.264],[0,0]],"v":[[-24.354,-6.633],[-14.507,7.227],[16.287,6.938],[24.841,-8.691]],"c":true}]},{"i":{"x":0.5,"y":1},"o":{"x":0.5,"y":0},"t":81,"s":[{"i":[[0.308,0.251],[-7.79,-5.285],[-8.177,5.379],[0,0]],"o":[[-0.308,-0.251],[6.963,4.724],[6.482,-4.264],[0,0]],"v":[[-24.354,-6.633],[-14.507,7.227],[16.287,6.938],[24.841,-8.691]],"c":true}]},{"t":89,"s":[{"i":[[15.174,3.162],[-2.247,-0.344],[-2.827,0.507],[-8.273,4.839]],"o":[[-1.265,-0.264],[2.627,0.402],[7.637,-1.368],[0.967,-0.566]],"v":[[-14.595,-3.188],[-4.25,1.647],[6.386,1.967],[23.022,-4.976]],"c":true}]}],"ix":2},"nm":"Path 1","mn":"ADBE Vector Shape - Group","hd":false},{"ty":"fl","c":{"a":0,"k":[0.62085278081,0.450238485897,0.379145573635,1],"ix":4},"o":{"a":0,"k":100,"ix":5},"r":1,"bm":0,"nm":"Fill 1","mn":"ADBE Vector Graphic - Fill","hd":false},{"ty":"tr","p":{"a":0,"k":[339.945,215.335],"ix":2},"a":{"a":0,"k":[0,0],"ix":1},"s":{"a":0,"k":[100,100],"ix":3},"r":{"a":0,"k":0,"ix":6},"o":{"a":0,"k":100,"ix":7},"sk":{"a":0,"k":0,"ix":4},"sa":{"a":0,"k":0,"ix":5},"nm":"Transform"}],"nm":"mouth","np":2,"cix":2,"bm":0,"ix":3,"mn":"ADBE Vector Group","hd":false}],"ip":0,"op":90,"st":0,"bm":0},{"ddd":0,"ind":4,"ty":4,"nm":"teeth","parent":1,"tt":1,"sr":1,"ks":{"o":{"a":0,"k":100,"ix":11},"r":{"a":0,"k":0,"ix":10},"p":{"a":0,"k":[10.394,96.157,0],"ix":2,"l":2},"a":{"a":0,"k":[256,256,0],"ix":1,"l":2},"s":{"a":0,"k":[46.296,40.323,100],"ix":6,"l":2}},"ao":0,"shapes":[{"ty":"gr","it":[{"ind":0,"ty":"sh","ix":1,"ks":{"a":0,"k":{"i":[[0,0],[17.495,-4.343],[0,0],[0,0]],"o":[[-19.296,-4.562],[0,0],[0,0],[0,0]],"v":[[27.56,-4.649],[-27.56,-4.649],[-27.56,9.21],[27.56,9.21]],"c":true},"ix":2},"nm":"Path 1","mn":"ADBE Vector Shape - Group","hd":false},{"ty":"fl","c":{"a":0,"k":[1,1,1,1],"ix":4},"o":{"a":0,"k":100,"ix":5},"r":1,"bm":0,"nm":"Fill 1","mn":"ADBE Vector Graphic - Fill","hd":false},{"ty":"tr","p":{"a":0,"k":[340.761,230.443],"ix":2},"a":{"a":0,"k":[0,0],"ix":1},"s":{"a":0,"k":[100,100],"ix":3},"r":{"a":0,"k":0,"ix":6},"o":{"a":0,"k":100,"ix":7},"sk":{"a":0,"k":0,"ix":4},"sa":{"a":0,"k":0,"ix":5},"nm":"Transform"}],"nm":"Group 1","np":2,"cix":2,"bm":0,"ix":1,"mn":"ADBE Vector Group","hd":false},{"ty":"gr","it":[{"ind":0,"ty":"sh","ix":1,"ks":{"a":0,"k":{"i":[[0,0],[15.37,5.244],[0,0],[0,0]],"o":[[-16.954,5.508],[0,0],[0,0],[0,0]],"v":[[24.401,5.612],[-24.027,5.612],[-31.115,-11.12],[31.115,-11.12]],"c":true},"ix":2},"nm":"Path 1","mn":"ADBE Vector Shape - Group","hd":false},{"ty":"fl","c":{"a":0,"k":[1,1,1,1],"ix":4},"o":{"a":0,"k":100,"ix":5},"r":1,"bm":0,"nm":"Fill 1","mn":"ADBE Vector Graphic - Fill","hd":false},{"ty":"tr","p":{"a":0,"k":[340.441,204.132],"ix":2},"a":{"a":0,"k":[0,0],"ix":1},"s":{"a":0,"k":[100,100],"ix":3},"r":{"a":0,"k":0,"ix":6},"o":{"a":0,"k":100,"ix":7},"sk":{"a":0,"k":0,"ix":4},"sa":{"a":0,"k":0,"ix":5},"nm":"Transform"}],"nm":"Group 2","np":2,"cix":2,"bm":0,"ix":2,"mn":"ADBE Vector Group","hd":false}],"ip":0,"op":90,"st":0,"bm":0},{"ddd":0,"ind":5,"ty":4,"nm":"mouth","parent":1,"sr":1,"ks":{"o":{"a":0,"k":100,"ix":11},"r":{"a":0,"k":0,"ix":10},"p":{"a":0,"k":[10.394,96.157,0],"ix":2,"l":2},"a":{"a":0,"k":[256,256,0],"ix":1,"l":2},"s":{"a":0,"k":[46.296,40.323,100],"ix":6,"l":2}},"ao":0,"shapes":[{"ty":"gr","it":[{"ind":0,"ty":"sh","ix":1,"ks":{"a":1,"k":[{"i":{"x":0.5,"y":1},"o":{"x":0.5,"y":0},"t":0,"s":[{"i":[[15.174,3.162],[-2.247,-0.344],[-2.827,0.507],[-8.273,4.839]],"o":[[-1.265,-0.264],[2.627,0.402],[7.637,-1.368],[0.967,-0.566]],"v":[[-14.595,-3.188],[-4.25,1.647],[6.386,1.967],[23.022,-4.976]],"c":true}]},{"i":{"x":0.5,"y":1},"o":{"x":0.5,"y":0},"t":8,"s":[{"i":[[0.308,0.251],[-7.79,-5.285],[-8.177,5.379],[0,0]],"o":[[-0.308,-0.251],[6.963,4.724],[6.482,-4.264],[0,0]],"v":[[-24.354,-6.633],[-14.507,7.227],[16.287,6.938],[24.841,-8.691]],"c":true}]},{"i":{"x":0.5,"y":1},"o":{"x":0.5,"y":0},"t":45,"s":[{"i":[[0.308,0.251],[-7.79,-5.285],[-8.177,5.379],[0,0]],"o":[[-0.308,-0.251],[6.963,4.724],[6.482,-4.264],[0,0]],"v":[[-24.354,-6.633],[-14.507,7.227],[16.287,6.938],[24.841,-8.691]],"c":true}]},{"i":{"x":0.5,"y":1},"o":{"x":0.5,"y":0},"t":81,"s":[{"i":[[0.308,0.251],[-7.79,-5.285],[-8.177,5.379],[0,0]],"o":[[-0.308,-0.251],[6.963,4.724],[6.482,-4.264],[0,0]],"v":[[-24.354,-6.633],[-14.507,7.227],[16.287,6.938],[24.841,-8.691]],"c":true}]},{"t":89,"s":[{"i":[[15.174,3.162],[-2.247,-0.344],[-2.827,0.507],[-8.273,4.839]],"o":[[-1.265,-0.264],[2.627,0.402],[7.637,-1.368],[0.967,-0.566]],"v":[[-14.595,-3.188],[-4.25,1.647],[6.386,1.967],[23.022,-4.976]],"c":true}]}],"ix":2},"nm":"Path 1","mn":"ADBE Vector Shape - Group","hd":false},{"ty":"fl","c":{"a":0,"k":[0.62085278081,0.450238485897,0.379145573635,1],"ix":4},"o":{"a":0,"k":100,"ix":5},"r":1,"bm":0,"nm":"Fill 1","mn":"ADBE Vector Graphic - Fill","hd":false},{"ty":"tr","p":{"a":0,"k":[339.945,215.335],"ix":2},"a":{"a":0,"k":[0,0],"ix":1},"s":{"a":0,"k":[100,100],"ix":3},"r":{"a":0,"k":0,"ix":6},"o":{"a":0,"k":100,"ix":7},"sk":{"a":0,"k":0,"ix":4},"sa":{"a":0,"k":0,"ix":5},"nm":"Transform"}],"nm":"mouth","np":2,"cix":2,"bm":0,"ix":3,"mn":"ADBE Vector Group","hd":false}],"ip":0,"op":90,"st":0,"bm":0},{"ddd":0,"ind":10,"ty":4,"nm":"eyebrew-left","parent":1,"sr":1,"ks":{"o":{"a":0,"k":100,"ix":11},"r":{"a":0,"k":0,"ix":10},"p":{"a":0,"k":[10.394,96.157,0],"ix":2,"l":2},"a":{"a":0,"k":[256,256,0],"ix":1,"l":2},"s":{"a":0,"k":[46.296,40.323,100],"ix":6,"l":2}},"ao":0,"shapes":[{"ty":"gr","it":[{"ind":0,"ty":"sh","ix":1,"ks":{"a":0,"k":{"i":[[0,0],[6.844,-2.982]],"o":[[-6.041,-2.844],[0,0]],"v":[[9.183,1.491],[-9.183,1.491]],"c":false},"ix":2},"nm":"Path 1","mn":"ADBE Vector Shape - Group","hd":false},{"ty":"st","c":{"a":0,"k":[0.40000000596,0.40000000596,0.40000000596,1],"ix":3},"o":{"a":0,"k":100,"ix":4},"w":{"a":0,"k":2.609,"ix":5},"lc":2,"lj":2,"bm":0,"nm":"Stroke 1","mn":"ADBE Vector Graphic - Stroke","hd":false},{"ty":"tr","p":{"a":0,"k":[316.016,149.812],"ix":2},"a":{"a":0,"k":[0,0],"ix":1},"s":{"a":0,"k":[100,100],"ix":3},"r":{"a":0,"k":0,"ix":6},"o":{"a":0,"k":100,"ix":7},"sk":{"a":0,"k":0,"ix":4},"sa":{"a":0,"k":0,"ix":5},"nm":"Transform"}],"nm":"Group 1","np":2,"cix":2,"bm":0,"ix":1,"mn":"ADBE Vector Group","hd":false}],"ip":0,"op":90,"st":0,"bm":0},{"ddd":0,"ind":12,"ty":4,"nm":"eye-left","parent":1,"sr":1,"ks":{"o":{"a":0,"k":100,"ix":11},"r":{"a":0,"k":0,"ix":10},"p":{"a":0,"k":[38.562,61.283,0],"ix":2,"l":2},"a":{"a":0,"k":[316.843,169.512,0],"ix":1,"l":2},"s":{"a":1,"k":[{"i":{"x":[0.5,0.5,0.5],"y":[1,1,1]},"o":{"x":[0.5,0.5,0.5],"y":[0,0,0]},"t":11,"s":[46.296,40.323,100]},{"i":{"x":[0.5,0.5,0.5],"y":[1,1,1]},"o":{"x":[0.5,0.5,0.5],"y":[0,0,0]},"t":13,"s":[46.296,3,100]},{"i":{"x":[0.5,0.5,0.5],"y":[1,1,1]},"o":{"x":[0.5,0.5,0.5],"y":[0,0,0]},"t":15,"s":[46.296,40.323,100]},{"i":{"x":[0.5,0.5,0.5],"y":[1,1,1]},"o":{"x":[0.5,0.5,0.5],"y":[0,0,0]},"t":46,"s":[46.296,40.323,100]},{"i":{"x":[0.5,0.5,0.5],"y":[1,1,1]},"o":{"x":[0.5,0.5,0.5],"y":[0,0,0]},"t":48,"s":[46.296,3,100]},{"i":{"x":[0.5,0.5,0.5],"y":[1,1,1]},"o":{"x":[0.167,0.167,0.167],"y":[0,0,0]},"t":50,"s":[46.296,40.323,100]},{"i":{"x":[0.5,0.5,0.5],"y":[1,1,1]},"o":{"x":[0.5,0.5,0.5],"y":[0,0,0]},"t":74,"s":[46.296,40.323,100]},{"i":{"x":[0.5,0.5,0.5],"y":[1,1,1]},"o":{"x":[0.5,0.5,0.5],"y":[0,0,0]},"t":76,"s":[46.296,3,100]},{"t":78,"s":[46.296,40.323,100]}],"ix":6,"l":2}},"ao":0,"shapes":[{"ty":"gr","it":[{"ind":0,"ty":"sh","ix":1,"ks":{"a":0,"k":{"i":[[0,-6.439],[4.674,0],[0,6.439],[-4.674,0]],"o":[[0,6.439],[-4.674,0],[0,-6.439],[4.674,0]],"v":[[8.462,0],[-0.001,11.659],[-8.463,0],[-0.001,-11.659]],"c":true},"ix":2},"nm":"Path 1","mn":"ADBE Vector Shape - Group","hd":false},{"ty":"fl","c":{"a":0,"k":[1,1,1,1],"ix":4},"o":{"a":0,"k":100,"ix":5},"r":1,"bm":0,"nm":"Fill 1","mn":"ADBE Vector Graphic - Fill","hd":false},{"ty":"tr","p":{"a":0,"k":[312.484,167.543],"ix":2},"a":{"a":0,"k":[0,0],"ix":1},"s":{"a":0,"k":[16.34,21.49],"ix":3},"r":{"a":0,"k":0,"ix":6},"o":{"a":0,"k":100,"ix":7},"sk":{"a":0,"k":0,"ix":4},"sa":{"a":0,"k":0,"ix":5},"nm":"Transform"}],"nm":"Group 4","np":2,"cix":2,"bm":0,"ix":1,"mn":"ADBE Vector Group","hd":false},{"ty":"gr","it":[{"ind":0,"ty":"sh","ix":1,"ks":{"a":0,"k":{"i":[[0,-2.801],[2.801,0],[0,2.801],[-2.802,0]],"o":[[0,2.801],[-2.802,0],[0,-2.801],[2.801,0]],"v":[[5.073,0],[0,5.072],[-5.073,0],[0,-5.072]],"c":true},"ix":2},"nm":"Path 1","mn":"ADBE Vector Shape - Group","hd":false},{"ty":"fl","c":{"a":0,"k":[0.435071249569,0.450238485897,0.78104577158,1],"ix":4},"o":{"a":0,"k":100,"ix":5},"r":1,"bm":0,"nm":"Fill 1","mn":"ADBE Vector Graphic - Fill","hd":false},{"ty":"tr","p":{"a":0,"k":[316.998,171.68],"ix":2},"a":{"a":0,"k":[0,0],"ix":1},"s":{"a":0,"k":[141.279,141.279],"ix":3},"r":{"a":0,"k":0,"ix":6},"o":{"a":0,"k":100,"ix":7},"sk":{"a":0,"k":0,"ix":4},"sa":{"a":0,"k":0,"ix":5},"nm":"Transform"}],"nm":"Group 3","np":2,"cix":2,"bm":0,"ix":2,"mn":"ADBE Vector Group","hd":false},{"ty":"gr","it":[{"ind":0,"ty":"sh","ix":1,"ks":{"a":0,"k":{"i":[[0,-6.439],[4.674,0],[0,6.439],[-4.674,0]],"o":[[0,6.439],[-4.674,0],[0,-6.439],[4.674,0]],"v":[[8.462,0],[-0.001,11.659],[-8.463,0],[-0.001,-11.659]],"c":true},"ix":2},"nm":"Path 1","mn":"ADBE Vector Shape - Group","hd":false},{"ty":"fl","c":{"a":0,"k":[1,1,1,1],"ix":4},"o":{"a":0,"k":100,"ix":5},"r":1,"bm":0,"nm":"Fill 1","mn":"ADBE Vector Graphic - Fill","hd":false},{"ty":"tr","p":{"a":0,"k":[316.843,169.512],"ix":2},"a":{"a":0,"k":[0,0],"ix":1},"s":{"a":0,"k":[100,100],"ix":3},"r":{"a":0,"k":0,"ix":6},"o":{"a":0,"k":100,"ix":7},"sk":{"a":0,"k":0,"ix":4},"sa":{"a":0,"k":0,"ix":5},"nm":"Transform"}],"nm":"Group 2","np":2,"cix":2,"bm":0,"ix":3,"mn":"ADBE Vector Group","hd":false}],"ip":0,"op":90,"st":0,"bm":0},{"ddd":0,"ind":14,"ty":4,"nm":"eye-right","parent":1,"sr":1,"ks":{"o":{"a":0,"k":100,"ix":11},"r":{"a":0,"k":0,"ix":10},"p":{"a":0,"k":[38.562,61.283,0],"ix":2,"l":2},"a":{"a":0,"k":[316.843,169.512,0],"ix":1,"l":2},"s":{"a":1,"k":[{"i":{"x":[0.5,0.5,0.5],"y":[1,1,1]},"o":{"x":[0.5,0.5,0.5],"y":[0,0,0]},"t":11,"s":[46.296,40.323,100]},{"i":{"x":[0.5,0.5,0.5],"y":[1,1,1]},"o":{"x":[0.5,0.5,0.5],"y":[0,0,0]},"t":13,"s":[46.296,3,100]},{"i":{"x":[0.5,0.5,0.5],"y":[1,1,1]},"o":{"x":[0.5,0.5,0.5],"y":[0,0,0]},"t":15,"s":[46.296,40.323,100]},{"i":{"x":[0.5,0.5,0.5],"y":[1,1,1]},"o":{"x":[0.5,0.5,0.5],"y":[0,0,0]},"t":46,"s":[46.296,40.323,100]},{"i":{"x":[0.5,0.5,0.5],"y":[1,1,1]},"o":{"x":[0.5,0.5,0.5],"y":[0,0,0]},"t":48,"s":[46.296,3,100]},{"i":{"x":[0.5,0.5,0.5],"y":[1,1,1]},"o":{"x":[0.167,0.167,0.167],"y":[0,0,0]},"t":50,"s":[46.296,40.323,100]},{"i":{"x":[0.5,0.5,0.5],"y":[1,1,1]},"o":{"x":[0.5,0.5,0.5],"y":[0,0,0]},"t":74,"s":[46.296,40.323,100]},{"i":{"x":[0.5,0.5,0.5],"y":[1,1,1]},"o":{"x":[0.5,0.5,0.5],"y":[0,0,0]},"t":76,"s":[46.296,3,100]},{"t":78,"s":[46.296,40.323,100]}],"ix":6,"l":2}},"ao":0,"shapes":[{"ty":"gr","it":[{"ind":0,"ty":"sh","ix":1,"ks":{"a":0,"k":{"i":[[0,-6.439],[4.674,0],[0,6.439],[-4.674,0]],"o":[[0,6.439],[-4.674,0],[0,-6.439],[4.674,0]],"v":[[8.462,0],[-0.001,11.659],[-8.463,0],[-0.001,-11.659]],"c":true},"ix":2},"nm":"Path 1","mn":"ADBE Vector Shape - Group","hd":false},{"ty":"fl","c":{"a":0,"k":[1,1,1,1],"ix":4},"o":{"a":0,"k":100,"ix":5},"r":1,"bm":0,"nm":"Fill 1","mn":"ADBE Vector Graphic - Fill","hd":false},{"ty":"tr","p":{"a":0,"k":[359.021,168.176],"ix":2},"a":{"a":0,"k":[0,0],"ix":1},"s":{"a":0,"k":[16.34,21.49],"ix":3},"r":{"a":0,"k":0,"ix":6},"o":{"a":0,"k":100,"ix":7},"sk":{"a":0,"k":0,"ix":4},"sa":{"a":0,"k":0,"ix":5},"nm":"Transform"}],"nm":"Group 4","np":2,"cix":2,"bm":0,"ix":1,"mn":"ADBE Vector Group","hd":false},{"ty":"gr","it":[{"ind":0,"ty":"sh","ix":1,"ks":{"a":0,"k":{"i":[[0,-2.801],[2.801,0],[0,2.801],[-2.801,0]],"o":[[0,2.801],[-2.801,0],[0,-2.801],[2.801,0]],"v":[[5.073,0],[0,5.072],[-5.073,0],[0,-5.072]],"c":true},"ix":2},"nm":"Path 1","mn":"ADBE Vector Shape - Group","hd":false},{"ty":"fl","c":{"a":0,"k":[0.435071249569,0.450238485897,0.78104577158,1],"ix":4},"o":{"a":0,"k":100,"ix":5},"r":1,"bm":0,"nm":"Fill 1","mn":"ADBE Vector Graphic - Fill","hd":false},{"ty":"tr","p":{"a":0,"k":[363.382,171.68],"ix":2},"a":{"a":0,"k":[0,0],"ix":1},"s":{"a":0,"k":[136.96,139.049],"ix":3},"r":{"a":0,"k":0,"ix":6},"o":{"a":0,"k":100,"ix":7},"sk":{"a":0,"k":0,"ix":4},"sa":{"a":0,"k":0,"ix":5},"nm":"Transform"}],"nm":"Group 1","np":2,"cix":2,"bm":0,"ix":2,"mn":"ADBE Vector Group","hd":false},{"ty":"gr","it":[{"ind":0,"ty":"sh","ix":1,"ks":{"a":0,"k":{"i":[[0,-6.439],[4.673,0],[0,6.439],[-4.674,0]],"o":[[0,6.439],[-4.674,0],[0,-6.439],[4.673,0]],"v":[[8.463,0],[0.001,11.659],[-8.462,0],[0.001,-11.659]],"c":true},"ix":2},"nm":"Path 1","mn":"ADBE Vector Shape - Group","hd":false},{"ty":"fl","c":{"a":0,"k":[1,1,1,1],"ix":4},"o":{"a":0,"k":100,"ix":5},"r":1,"bm":0,"nm":"Fill 1","mn":"ADBE Vector Graphic - Fill","hd":false},{"ty":"tr","p":{"a":0,"k":[363.227,169.512],"ix":2},"a":{"a":0,"k":[0,0],"ix":1},"s":{"a":0,"k":[100,100],"ix":3},"r":{"a":0,"k":0,"ix":6},"o":{"a":0,"k":100,"ix":7},"sk":{"a":0,"k":0,"ix":4},"sa":{"a":0,"k":0,"ix":5},"nm":"Transform"}],"nm":"Group 2","np":2,"cix":2,"bm":0,"ix":3,"mn":"ADBE Vector Group","hd":false}],"ip":0,"op":90,"st":0,"bm":0},{"ddd":0,"ind":16,"ty":4,"nm":"head","parent":1,"sr":1,"ks":{"o":{"a":0,"k":100,"ix":11},"r":{"a":0,"k":0,"ix":10},"p":{"a":0,"k":[10.394,96.157,0],"ix":2,"l":2},"a":{"a":0,"k":[256,256,0],"ix":1,"l":2},"s":{"a":0,"k":[46.296,40.323,100],"ix":6,"l":2}},"ao":0,"shapes":[{"ty":"gr","it":[{"ind":0,"ty":"sh","ix":1,"ks":{"a":0,"k":{"i":[[0,0],[-10.051,-0.794],[8.081,0.13]],"o":[[0.836,7.218],[0,0],[0,0]],"v":[[-5.737,-9.916],[5.737,2.61],[-2.555,9.786]],"c":false},"ix":2},"nm":"Path 1","mn":"ADBE Vector Shape - Group","hd":false},{"ty":"st","c":{"a":0,"k":[0.810424206304,0.587682866115,0.475831693761,1],"ix":3},"o":{"a":0,"k":100,"ix":4},"w":{"a":0,"k":2.609,"ix":5},"lc":2,"lj":2,"bm":0,"nm":"Stroke 1","mn":"ADBE Vector Graphic - Stroke","hd":false},{"ty":"tr","p":{"a":0,"k":[344.558,186.668],"ix":2},"a":{"a":0,"k":[0,0],"ix":1},"s":{"a":0,"k":[100,100],"ix":3},"r":{"a":0,"k":0,"ix":6},"o":{"a":0,"k":100,"ix":7},"sk":{"a":0,"k":0,"ix":4},"sa":{"a":0,"k":0,"ix":5},"nm":"Transform"}],"nm":"Group 1","np":2,"cix":2,"bm":0,"ix":1,"mn":"ADBE Vector Group","hd":false},{"ty":"gr","it":[{"ind":0,"ty":"sh","ix":1,"ks":{"a":0,"k":{"i":[[0,-0.231],[-0.118,-1.156],[0,0],[-0.231,-1.387],[0,0],[-0.231,-1.504],[-23.108,0],[-2.771,-0.462],[-2.194,0],[-1.5,14.097],[0,0.114],[0,-1.503],[-16.522,0],[0,0],[-4.737,-15.598],[-0.577,3.584],[0,0],[-0.115,1.618],[0,0.348],[0,1.732],[0.117,1.386],[0,0.462],[0.115,0.925],[0.113,0.462],[0.117,0.925],[0.117,0.463],[0.231,0.925],[0,0.463],[0.347,1.038],[0.114,0.348],[0.348,1.042],[0,0.232],[0.462,1.039],[0.118,0.114],[0.579,1.269],[13.863,8.087],[4.855,1.618],[0.118,0],[1.501,0.346],[0.231,0.113],[3.232,0.462],[0.463,0],[1.27,0.117],[0.462,0],[1.732,0],[0,-43.903],[-0.115,-1.504]],"o":[[0.117,1.27],[0,0],[0.114,1.387],[0,0],[0.231,1.387],[5.2,-21.491],[2.888,0],[2.08,0.463],[14.441,0],[0,0],[-0.23,1.501],[0,16.52],[0,0],[16.177,3.237],[1.042,-3.464],[0,0],[0.23,-1.504],[0,-0.345],[0.114,-1.733],[0,-1.501],[0,-0.463],[-0.117,-1.042],[0,-0.463],[-0.117,-0.925],[-0.114,-0.463],[-0.231,-0.925],[-0.118,-0.462],[-0.231,-1.041],[-0.115,-0.349],[-0.348,-1.039],[-0.113,-0.232],[-0.345,-1.155],[-0.114,-0.117],[-0.462,-1.273],[-6.814,-14.56],[-4.392,-2.539],[-0.113,0],[-1.386,-0.462],[-0.231,-0.117],[-3.12,-0.811],[-0.463,-0.114],[-1.269,-0.117],[-0.462,0],[-1.618,-0.118],[-43.906,0],[0,1.504],[0.23,0.463]],"v":[[-79.261,34.029],[-78.912,37.724],[-78.912,38.186],[-78.336,42.23],[-78.336,42.347],[-77.525,46.622],[-29.924,9.302],[-21.491,9.995],[-15.136,10.689],[12.823,-14.383],[12.94,-14.497],[12.592,-9.992],[42.518,19.931],[42.633,19.931],[76.485,50.779],[78.797,40.15],[78.797,39.69],[79.259,35.067],[79.376,33.912],[79.604,28.712],[79.49,24.438],[79.376,23.168],[79.144,20.163],[78.914,18.776],[78.565,15.888],[78.334,14.501],[77.758,11.613],[77.527,10.343],[76.717,7.339],[76.371,6.297],[75.329,3.178],[75.098,2.37],[73.829,-0.98],[73.597,-1.442],[71.979,-5.254],[40.092,-40.149],[26.226,-46.504],[25.764,-46.618],[21.49,-47.888],[20.797,-48.118],[11.209,-50.085],[9.935,-50.199],[6.24,-50.547],[4.853,-50.661],[-0.115,-50.779],[-79.606,28.712],[-79.491,33.104]],"c":true},"ix":2},"nm":"Path 1","mn":"ADBE Vector Shape - Group","hd":false},{"ty":"fl","c":{"a":0,"k":[0,0,0,1],"ix":4},"o":{"a":0,"k":100,"ix":5},"r":1,"bm":0,"nm":"Fill 1","mn":"ADBE Vector Graphic - Fill","hd":false},{"ty":"tr","p":{"a":0,"k":[339.384,134.065],"ix":2},"a":{"a":0,"k":[0,0],"ix":1},"s":{"a":0,"k":[100,100],"ix":3},"r":{"a":0,"k":0,"ix":6},"o":{"a":0,"k":100,"ix":7},"sk":{"a":0,"k":0,"ix":4},"sa":{"a":0,"k":0,"ix":5},"nm":"Transform"}],"nm":"Group 2","np":2,"cix":2,"bm":0,"ix":2,"mn":"ADBE Vector Group","hd":false},{"ty":"gr","it":[{"ind":0,"ty":"sh","ix":1,"ks":{"a":0,"k":{"i":[[0,0],[6.843,-2.982]],"o":[[-6.04,-2.844],[0,0]],"v":[[9.183,1.491],[-9.182,1.491]],"c":false},"ix":2},"nm":"Path 1","mn":"ADBE Vector Shape - Group","hd":false},{"ty":"st","c":{"a":0,"k":[0.40000000596,0.40000000596,0.40000000596,1],"ix":3},"o":{"a":0,"k":100,"ix":4},"w":{"a":0,"k":2.609,"ix":5},"lc":2,"lj":2,"bm":0,"nm":"Stroke 1","mn":"ADBE Vector Graphic - Stroke","hd":false},{"ty":"tr","p":{"a":0,"k":[363.041,149.812],"ix":2},"a":{"a":0,"k":[0,0],"ix":1},"s":{"a":0,"k":[100,100],"ix":3},"r":{"a":0,"k":0,"ix":6},"o":{"a":0,"k":100,"ix":7},"sk":{"a":0,"k":0,"ix":4},"sa":{"a":0,"k":0,"ix":5},"nm":"Transform"}],"nm":"eyebrew-right","np":2,"cix":2,"bm":0,"ix":3,"mn":"ADBE Vector Group","hd":false},{"ty":"gr","it":[{"ind":0,"ty":"sh","ix":1,"ks":{"a":0,"k":{"i":[[-42.945,0],[0,42.942],[42.943,0],[0,-42.943]],"o":[[42.943,0],[0,-42.943],[-42.945,0],[0,42.942]],"v":[[0.001,77.755],[77.757,0.001],[0.001,-77.755],[-77.758,0.001]],"c":true},"ix":2},"nm":"Path 1","mn":"ADBE Vector Shape - Group","hd":false},{"ty":"fl","c":{"a":0,"k":[0.988625799441,0.725116265989,0.564931054209,1],"ix":4},"o":{"a":0,"k":100,"ix":5},"r":1,"bm":0,"nm":"Fill 1","mn":"ADBE Vector Graphic - Fill","hd":false},{"ty":"tr","p":{"a":0,"k":[339.588,162.066],"ix":2},"a":{"a":0,"k":[0,0],"ix":1},"s":{"a":0,"k":[100,100],"ix":3},"r":{"a":0,"k":0,"ix":6},"o":{"a":0,"k":100,"ix":7},"sk":{"a":0,"k":0,"ix":4},"sa":{"a":0,"k":0,"ix":5},"nm":"Transform"}],"nm":"Group 3","np":2,"cix":2,"bm":0,"ix":4,"mn":"ADBE Vector Group","hd":false},{"ty":"gr","it":[{"ind":0,"ty":"sh","ix":1,"ks":{"a":0,"k":{"i":[[1.387,1.963],[0,-13.98],[-1.388,-1.849],[0,13.979]],"o":[[-1.388,1.849],[0,13.979],[1.387,-1.849],[0,-13.98]],"v":[[0.001,-24.149],[-3.581,-0.115],[0.001,23.914],[3.582,-0.115]],"c":true},"ix":2},"nm":"Path 1","mn":"ADBE Vector Shape - Group","hd":false},{"ind":1,"ty":"sh","ix":2,"ks":{"a":0,"k":{"i":[[7.511,0],[0,2.888],[-7.625,0],[0,-2.887]],"o":[[-7.625,0],[0,-2.887],[7.625,0],[-0.113,2.888]],"v":[[0.001,28.538],[-7.855,-0.002],[0.001,-28.538],[7.855,-0.002]],"c":true},"ix":2},"nm":"Path 2","mn":"ADBE Vector Shape - Group","hd":false},{"ty":"mm","mm":1,"nm":"Merge Paths 1","mn":"ADBE Vector Filter - Merge","hd":false},{"ty":"fl","c":{"a":0,"k":[1,1,1,1],"ix":4},"o":{"a":0,"k":100,"ix":5},"r":1,"bm":0,"nm":"Fill 1","mn":"ADBE Vector Graphic - Fill","hd":false},{"ty":"tr","p":{"a":0,"k":[407.659,177.034],"ix":2},"a":{"a":0,"k":[-0.213,-26.28],"ix":1},"s":{"a":0,"k":[100,100],"ix":3},"r":{"a":1,"k":[{"i":{"x":[0.833],"y":[1]},"o":{"x":[0.5],"y":[0]},"t":0,"s":[4]},{"i":{"x":[0.5],"y":[1]},"o":{"x":[0.167],"y":[0]},"t":15,"s":[-4]},{"i":{"x":[0.833],"y":[1]},"o":{"x":[0.5],"y":[0]},"t":30,"s":[4]},{"i":{"x":[0.5],"y":[1]},"o":{"x":[0.167],"y":[0]},"t":45,"s":[-4]},{"i":{"x":[0.833],"y":[1]},"o":{"x":[0.5],"y":[0]},"t":60,"s":[4]},{"i":{"x":[0.5],"y":[1]},"o":{"x":[0.167],"y":[0]},"t":75,"s":[-4]},{"t":89,"s":[4]}],"ix":6},"o":{"a":0,"k":100,"ix":7},"sk":{"a":0,"k":0,"ix":4},"sa":{"a":0,"k":0,"ix":5},"nm":"Transform"}],"nm":"circle-rght","np":4,"cix":2,"bm":0,"ix":5,"mn":"ADBE Vector Group","hd":false},{"ty":"gr","it":[{"ind":0,"ty":"sh","ix":1,"ks":{"a":0,"k":{"i":[[1.387,1.963],[0,-13.98],[-1.387,-1.849],[0,13.979]],"o":[[-1.387,1.849],[0,13.979],[1.387,-1.849],[0,-13.98]],"v":[[0.001,-24.149],[-3.581,-0.115],[0.001,23.914],[3.582,-0.115]],"c":true},"ix":2},"nm":"Path 1","mn":"ADBE Vector Shape - Group","hd":false},{"ind":1,"ty":"sh","ix":2,"ks":{"a":0,"k":{"i":[[7.511,0],[0,2.888],[-7.625,0],[0,-2.887]],"o":[[-7.625,0],[0,-2.887],[7.625,0],[-0.113,2.888]],"v":[[0.001,28.538],[-7.855,-0.002],[0.001,-28.538],[7.855,-0.002]],"c":true},"ix":2},"nm":"Path 2","mn":"ADBE Vector Shape - Group","hd":false},{"ty":"mm","mm":1,"nm":"Merge Paths 1","mn":"ADBE Vector Filter - Merge","hd":false},{"ty":"fl","c":{"a":0,"k":[1,1,1,1],"ix":4},"o":{"a":0,"k":100,"ix":5},"r":1,"bm":0,"nm":"Fill 1","mn":"ADBE Vector Graphic - Fill","hd":false},{"ty":"tr","p":{"a":0,"k":[270.036,177.215],"ix":2},"a":{"a":0,"k":[0.235,-26.099],"ix":1},"s":{"a":0,"k":[100,100],"ix":3},"r":{"a":1,"k":[{"i":{"x":[0.833],"y":[1]},"o":{"x":[0.5],"y":[0]},"t":0,"s":[4]},{"i":{"x":[0.5],"y":[1]},"o":{"x":[0.167],"y":[0]},"t":15,"s":[-4]},{"i":{"x":[0.833],"y":[1]},"o":{"x":[0.5],"y":[0]},"t":30,"s":[4]},{"i":{"x":[0.5],"y":[1]},"o":{"x":[0.167],"y":[0]},"t":45,"s":[-4]},{"i":{"x":[0.833],"y":[1]},"o":{"x":[0.5],"y":[0]},"t":60,"s":[4]},{"i":{"x":[0.5],"y":[1]},"o":{"x":[0.167],"y":[0]},"t":75,"s":[-4]},{"t":89,"s":[4]}],"ix":6},"o":{"a":0,"k":100,"ix":7},"sk":{"a":0,"k":0,"ix":4},"sa":{"a":0,"k":0,"ix":5},"nm":"Transform"}],"nm":"circle-left","np":4,"cix":2,"bm":0,"ix":6,"mn":"ADBE Vector Group","hd":false},{"ty":"gr","it":[{"ind":0,"ty":"sh","ix":1,"ks":{"a":0,"k":{"i":[[-16.21,0],[0,16.207],[16.207,0],[0,-16.21]],"o":[[16.207,0],[0,-16.21],[-16.21,0],[0,16.207]],"v":[[0,29.346],[29.347,0],[0,-29.346],[-29.347,0]],"c":true},"ix":2},"nm":"Path 1","mn":"ADBE Vector Shape - Group","hd":false},{"ty":"fl","c":{"a":0,"k":[0,0,0,1],"ix":4},"o":{"a":0,"k":100,"ix":5},"r":1,"bm":0,"nm":"Fill 1","mn":"ADBE Vector Graphic - Fill","hd":false},{"ty":"tr","p":{"a":0,"k":[338.155,99.874],"ix":2},"a":{"a":0,"k":[-0.741,52.997],"ix":1},"s":{"a":0,"k":[100,100],"ix":3},"r":{"a":1,"k":[{"i":{"x":[0.5],"y":[1]},"o":{"x":[0.5],"y":[0]},"t":0,"s":[-10]},{"i":{"x":[0.5],"y":[1]},"o":{"x":[0.5],"y":[0]},"t":15,"s":[10]},{"i":{"x":[0.5],"y":[1]},"o":{"x":[0.5],"y":[0]},"t":30,"s":[-10]},{"i":{"x":[0.5],"y":[1]},"o":{"x":[0.5],"y":[0]},"t":45,"s":[10]},{"i":{"x":[0.5],"y":[1]},"o":{"x":[0.5],"y":[0]},"t":60,"s":[-10]},{"i":{"x":[0.5],"y":[1]},"o":{"x":[0.5],"y":[0]},"t":75,"s":[10]},{"t":89,"s":[-10]}],"ix":6},"o":{"a":0,"k":100,"ix":7},"sk":{"a":0,"k":0,"ix":4},"sa":{"a":0,"k":0,"ix":5},"nm":"Transform"}],"nm":"hair-up","np":2,"cix":2,"bm":0,"ix":7,"mn":"ADBE Vector Group","hd":false}],"ip":0,"op":90,"st":0,"bm":0},{"ddd":0,"ind":18,"ty":4,"nm":"body","sr":1,"ks":{"o":{"a":0,"k":100,"ix":11},"r":{"a":0,"k":0,"ix":10},"p":{"a":0,"k":[256,256,0],"ix":2,"l":2},"a":{"a":0,"k":[256,256,0],"ix":1,"l":2},"s":{"a":0,"k":[100,100,100],"ix":6,"l":2}},"ao":0,"shapes":[{"ty":"gr","it":[{"ind":0,"ty":"sh","ix":1,"ks":{"a":0,"k":{"i":[[-6.809,9.55],[3.167,-7.875],[7.973,-5.623],[-0.311,0.04]],"o":[[0,0],[-5.955,5.764],[-7.974,5.621],[12.413,-6.257]],"v":[[21.562,-16.637],[17.897,-7.534],[0.153,8.258],[-21.251,16.598]],"c":true},"ix":2},"nm":"Path 1","mn":"ADBE Vector Shape - Group","hd":false},{"ty":"fl","c":{"a":0,"k":[0.884359621534,0.884359621534,0.884359621534,1],"ix":4},"o":{"a":0,"k":100,"ix":5},"r":1,"bm":0,"nm":"Fill 1","mn":"ADBE Vector Graphic - Fill","hd":false},{"ty":"tr","p":{"a":0,"k":[250.092,362.855],"ix":2},"a":{"a":0,"k":[0,0],"ix":1},"s":{"a":0,"k":[100,100],"ix":3},"r":{"a":0,"k":0,"ix":6},"o":{"a":0,"k":100,"ix":7},"sk":{"a":0,"k":0,"ix":4},"sa":{"a":0,"k":0,"ix":5},"nm":"Transform"}],"nm":"Group 2","np":2,"cix":2,"bm":0,"ix":1,"mn":"ADBE Vector Group","hd":false},{"ty":"gr","it":[{"ind":0,"ty":"sh","ix":1,"ks":{"a":0,"k":{"i":[[0,0],[-0.231,-8.318],[0,0],[-1.967,0.232],[0,0],[2.425,7.625]],"o":[[0,0],[0.118,5.085],[0,0],[1.963,-0.117],[0,0],[-2.312,-6.7]],"v":[[-6.645,-19.295],[-3.409,6.122],[-3.409,19.295],[2.37,19.063],[6.645,18.484],[1.908,3.234]],"c":true},"ix":2},"nm":"Path 1","mn":"ADBE Vector Shape - Group","hd":false},{"ty":"fl","c":{"a":0,"k":[0.884359621534,0.884359621534,0.884359621534,1],"ix":4},"o":{"a":0,"k":100,"ix":5},"r":1,"bm":0,"nm":"Fill 1","mn":"ADBE Vector Graphic - Fill","hd":false},{"ty":"tr","p":{"a":0,"k":[411.046,365.066],"ix":2},"a":{"a":0,"k":[0,0],"ix":1},"s":{"a":0,"k":[100,100],"ix":3},"r":{"a":0,"k":0,"ix":6},"o":{"a":0,"k":100,"ix":7},"sk":{"a":0,"k":0,"ix":4},"sa":{"a":0,"k":0,"ix":5},"nm":"Transform"}],"nm":"Group 3","np":2,"cix":2,"bm":0,"ix":2,"mn":"ADBE Vector Group","hd":false},{"ty":"gr","it":[{"ind":0,"ty":"sh","ix":1,"ks":{"a":1,"k":[{"i":{"x":0.5,"y":1},"o":{"x":0.5,"y":0},"t":0,"s":[{"i":[[19.411,11.555],[9.937,1.501],[14.557,0],[2.774,13.289],[2.08,-0.463],[11.092,-12.577],[4.392,-7.279],[-4.254,-15.785],[0,0],[-4.142,4.056],[0,0],[0.462,-13.749],[0.346,-8.318],[1.963,-7.393],[-1.848,-0.345],[-48.094,1.238],[-9.823,1.501],[0.462,1.85],[2.773,24.728],[0.113,13.635],[0,0],[0,0],[-20.335,8.899],[-3.698,3.581],[0.694,1.269]],"o":[[-19.755,-11.785],[-3.119,12.941],[-14.79,0],[-3.005,0.117],[-26.804,5.199],[-25.977,16.523],[-0.577,0.925],[4.253,15.785],[0,0],[5.847,-4.092],[0,0],[-0.348,12.593],[-1.819,18.935],[-0.462,1.735],[10.286,2.311],[48.094,-1.238],[1.846,-0.348],[-1.618,-6.468],[-2.194,-19.41],[0,-10.05],[0,0],[0,0],[7.049,-3.119],[1.038,-1.039],[-5.085,-10.63]],"v":[[82.969,-78.046],[30.63,-95.375],[6.368,-75.271],[-16.277,-95.954],[-30.488,-93.525],[-81.671,-71.345],[-130.11,-47.81],[-117.971,-15.15],[-103.569,10.056],[-76.105,-5.936],[-61.336,-22.239],[-67.923,4.796],[-64.341,39.918],[-71.891,87.532],[-69.466,91.462],[1.495,97.091],[79.717,91.198],[82.257,87.268],[75.344,43.73],[75.344,6.99],[71.184,-23.164],[75.113,15.194],[109.658,6.99],[129.301,-7.684],[129.993,-11.609]],"c":true}]},{"i":{"x":0.5,"y":1},"o":{"x":0.5,"y":0},"t":15,"s":[{"i":[[19.411,11.555],[9.937,1.501],[14.557,0],[2.774,13.289],[2.08,-0.463],[14.011,-14.052],[4.392,-7.279],[-4.254,-15.785],[0,0],[-4.142,4.056],[0,0],[0.462,-13.749],[0.346,-8.318],[1.963,-7.393],[-1.848,-0.345],[-48.156,-4.238],[-9.823,1.501],[0.462,1.85],[2.773,24.728],[0.113,13.635],[0,0],[0,0],[-20.335,8.899],[-3.698,3.581],[0.694,1.269]],"o":[[-19.755,-11.785],[-3.119,12.941],[-14.79,0],[-3.005,0.117],[-26.804,5.199],[-24.239,20.948],[-0.577,0.925],[4.253,15.785],[0,0],[5.847,-4.092],[0,0],[-0.348,12.593],[-0.924,19.065],[-0.462,1.735],[10.286,2.311],[50.344,4.262],[1.846,-0.348],[-1.618,-6.468],[-2.194,-19.41],[0,-10.05],[0,0],[0,0],[7.049,-3.119],[1.038,-1.039],[-5.085,-10.63]],"v":[[82.969,-78.046],[30.63,-95.375],[6.368,-75.271],[-16.277,-95.954],[-30.488,-93.525],[-85.421,-75.345],[-130.11,-52.56],[-117.221,-21.15],[-106.569,12.056],[-76.105,-5.936],[-61.336,-22.239],[-67.923,4.795],[-64.341,39.918],[-69.891,84.032],[-67.466,87.962],[1.495,97.091],[83.217,90.698],[85.757,86.768],[75.344,43.73],[75.344,6.99],[71.184,-23.164],[75.113,15.194],[109.658,6.99],[129.301,-7.684],[129.993,-11.609]],"c":true}]},{"i":{"x":0.5,"y":1},"o":{"x":0.5,"y":0},"t":30,"s":[{"i":[[19.411,11.555],[9.937,1.501],[14.557,0],[2.774,13.289],[2.08,-0.463],[11.092,-12.577],[4.392,-7.279],[-4.254,-15.785],[0,0],[-4.142,4.056],[0,0],[0.462,-13.749],[0.346,-8.318],[1.963,-7.393],[-1.848,-0.345],[-48.094,1.238],[-9.823,1.501],[0.462,1.85],[2.773,24.728],[0.113,13.635],[0,0],[0,0],[-20.335,8.899],[-3.698,3.581],[0.694,1.269]],"o":[[-19.755,-11.785],[-3.119,12.941],[-14.79,0],[-3.005,0.117],[-26.804,5.199],[-25.977,16.523],[-0.577,0.925],[4.253,15.785],[0,0],[5.847,-4.092],[0,0],[-0.348,12.593],[-1.819,18.935],[-0.462,1.735],[10.286,2.311],[48.094,-1.238],[1.846,-0.348],[-1.618,-6.468],[-2.194,-19.41],[0,-10.05],[0,0],[0,0],[7.049,-3.119],[1.038,-1.039],[-5.085,-10.63]],"v":[[82.969,-78.046],[30.63,-95.375],[6.368,-75.271],[-16.277,-95.954],[-30.488,-93.525],[-81.671,-71.345],[-130.11,-47.81],[-117.971,-15.15],[-103.569,10.056],[-76.105,-5.936],[-61.336,-22.239],[-67.923,4.796],[-64.341,39.918],[-71.891,87.532],[-69.466,91.462],[1.495,97.091],[79.717,91.198],[82.257,87.268],[75.344,43.73],[75.344,6.99],[71.184,-23.164],[75.113,15.194],[109.658,6.99],[129.301,-7.684],[129.993,-11.609]],"c":true}]},{"i":{"x":0.5,"y":1},"o":{"x":0.5,"y":0},"t":45,"s":[{"i":[[19.411,11.555],[9.937,1.501],[14.557,0],[2.774,13.289],[2.08,-0.463],[14.011,-14.052],[4.392,-7.279],[-4.254,-15.785],[0,0],[-4.142,4.056],[0,0],[0.462,-13.749],[0.346,-8.318],[1.963,-7.393],[-1.848,-0.345],[-48.156,-4.238],[-9.823,1.501],[0.462,1.85],[2.773,24.728],[0.113,13.635],[0,0],[0,0],[-20.335,8.899],[-3.698,3.581],[0.694,1.269]],"o":[[-19.755,-11.785],[-3.119,12.941],[-14.79,0],[-3.005,0.117],[-26.804,5.199],[-24.239,20.948],[-0.577,0.925],[4.253,15.785],[0,0],[5.847,-4.092],[0,0],[-0.348,12.593],[-0.924,19.065],[-0.462,1.735],[10.286,2.311],[50.344,4.262],[1.846,-0.348],[-1.618,-6.468],[-2.194,-19.41],[0,-10.05],[0,0],[0,0],[7.049,-3.119],[1.038,-1.039],[-5.085,-10.63]],"v":[[82.969,-78.046],[30.63,-95.375],[6.368,-75.271],[-16.277,-95.954],[-30.488,-93.525],[-85.421,-75.345],[-130.11,-52.56],[-117.221,-21.15],[-106.569,12.056],[-76.105,-5.936],[-61.336,-22.239],[-67.923,4.796],[-64.341,39.918],[-69.891,84.032],[-67.466,87.962],[1.495,97.091],[83.217,90.698],[85.757,86.768],[75.344,43.73],[75.344,6.99],[71.184,-23.164],[75.113,15.194],[109.658,6.99],[129.301,-7.684],[129.993,-11.609]],"c":true}]},{"i":{"x":0.5,"y":1},"o":{"x":0.5,"y":0},"t":60,"s":[{"i":[[19.411,11.555],[9.937,1.501],[14.557,0],[2.774,13.289],[2.08,-0.463],[11.092,-12.577],[4.392,-7.279],[-4.254,-15.785],[0,0],[-4.142,4.056],[0,0],[0.462,-13.749],[0.346,-8.318],[1.963,-7.393],[-1.848,-0.345],[-48.094,1.238],[-9.823,1.501],[0.462,1.85],[2.773,24.728],[0.113,13.635],[0,0],[0,0],[-20.335,8.899],[-3.698,3.581],[0.694,1.269]],"o":[[-19.755,-11.785],[-3.119,12.941],[-14.79,0],[-3.005,0.117],[-26.804,5.199],[-25.977,16.523],[-0.577,0.925],[4.253,15.785],[0,0],[5.847,-4.092],[0,0],[-0.348,12.593],[-1.819,18.935],[-0.462,1.735],[10.286,2.311],[48.094,-1.238],[1.846,-0.348],[-1.618,-6.468],[-2.194,-19.41],[0,-10.05],[0,0],[0,0],[7.049,-3.119],[1.038,-1.039],[-5.085,-10.63]],"v":[[82.969,-78.046],[30.63,-95.375],[6.368,-75.271],[-16.277,-95.954],[-30.488,-93.525],[-81.671,-71.345],[-130.11,-47.81],[-117.971,-15.15],[-103.569,10.056],[-76.105,-5.936],[-61.336,-22.239],[-67.923,4.796],[-64.341,39.918],[-71.891,87.532],[-69.466,91.462],[1.495,97.091],[79.717,91.198],[82.257,87.268],[75.344,43.73],[75.344,6.99],[71.184,-23.164],[75.113,15.194],[109.658,6.99],[129.301,-7.684],[129.993,-11.609]],"c":true}]},{"i":{"x":0.5,"y":1},"o":{"x":0.5,"y":0},"t":75,"s":[{"i":[[19.411,11.555],[9.937,1.501],[14.557,0],[2.774,13.289],[2.08,-0.463],[14.011,-14.052],[4.392,-7.279],[-4.254,-15.785],[0,0],[-4.142,4.056],[0,0],[0.462,-13.749],[0.346,-8.318],[1.963,-7.393],[-1.848,-0.345],[-48.156,-4.238],[-9.823,1.501],[0.462,1.85],[2.773,24.728],[0.113,13.635],[0,0],[0,0],[-20.335,8.899],[-3.698,3.581],[0.694,1.269]],"o":[[-19.755,-11.785],[-3.119,12.941],[-14.79,0],[-3.005,0.117],[-26.804,5.199],[-24.239,20.948],[-0.577,0.925],[4.253,15.785],[0,0],[5.847,-4.092],[0,0],[-0.348,12.593],[-0.924,19.065],[-0.462,1.735],[10.286,2.311],[50.344,4.262],[1.846,-0.348],[-1.618,-6.468],[-2.194,-19.41],[0,-10.05],[0,0],[0,0],[7.049,-3.119],[1.038,-1.039],[-5.085,-10.63]],"v":[[82.969,-78.046],[30.63,-95.375],[6.368,-75.271],[-16.277,-95.954],[-30.488,-93.525],[-85.421,-75.345],[-130.11,-52.56],[-117.221,-21.15],[-106.569,12.056],[-76.105,-5.936],[-61.336,-22.239],[-67.923,4.796],[-64.341,39.918],[-69.891,84.032],[-67.466,87.962],[1.495,97.091],[83.217,90.698],[85.757,86.768],[75.344,43.73],[75.344,6.99],[71.184,-23.164],[75.113,15.194],[109.658,6.99],[129.301,-7.684],[129.993,-11.609]],"c":true}]},{"t":89,"s":[{"i":[[19.411,11.555],[9.937,1.501],[14.557,0],[2.774,13.289],[2.08,-0.463],[11.092,-12.577],[4.392,-7.279],[-4.254,-15.785],[0,0],[-4.142,4.056],[0,0],[0.462,-13.749],[0.346,-8.318],[1.963,-7.393],[-1.848,-0.345],[-48.094,1.238],[-9.823,1.501],[0.462,1.85],[2.773,24.728],[0.113,13.635],[0,0],[0,0],[-20.335,8.899],[-3.698,3.581],[0.694,1.269]],"o":[[-19.755,-11.785],[-3.119,12.941],[-14.79,0],[-3.005,0.117],[-26.804,5.199],[-25.977,16.523],[-0.577,0.925],[4.253,15.785],[0,0],[5.847,-4.092],[0,0],[-0.348,12.593],[-1.819,18.935],[-0.462,1.735],[10.286,2.311],[48.094,-1.238],[1.846,-0.348],[-1.618,-6.468],[-2.194,-19.41],[0,-10.05],[0,0],[0,0],[7.049,-3.119],[1.038,-1.039],[-5.085,-10.63]],"v":[[82.969,-78.046],[30.63,-95.375],[6.368,-75.271],[-16.277,-95.954],[-30.488,-93.525],[-81.671,-71.345],[-130.11,-47.81],[-117.971,-15.15],[-103.569,10.056],[-76.105,-5.936],[-61.336,-22.239],[-67.923,4.796],[-64.341,39.918],[-71.891,87.532],[-69.466,91.462],[1.495,97.091],[79.717,91.198],[82.257,87.268],[75.344,43.73],[75.344,6.99],[71.184,-23.164],[75.113,15.194],[109.658,6.99],[129.301,-7.684],[129.993,-11.609]],"c":true}]}],"ix":2},"nm":"Path 1","mn":"ADBE Vector Shape - Group","hd":false},{"ty":"fl","c":{"a":0,"k":[0.2901960784313726,0.5647058823529412,0.8862745098039215,1],"ix":4},"o":{"a":0,"k":100,"ix":5},"r":1,"bm":0,"nm":"Fill 1","mn":"ADBE Vector Graphic - Fill","hd":false},{"ty":"tr","p":{"a":0,"k":[332.41,369.398],"ix":2},"a":{"a":0,"k":[0,0],"ix":1},"s":{"a":0,"k":[100,100],"ix":3},"r":{"a":0,"k":0,"ix":6},"o":{"a":0,"k":100,"ix":7},"sk":{"a":0,"k":0,"ix":4},"sa":{"a":0,"k":0,"ix":5},"nm":"Transform"}],"nm":"Group 5","np":2,"cix":2,"bm":0,"ix":3,"mn":"ADBE Vector Group","hd":false},{"ty":"gr","it":[{"ind":0,"ty":"sh","ix":1,"ks":{"a":0,"k":{"i":[[28.305,0.114],[0,0],[0.694,-4.043],[-25.765,0.925],[-16.641,6.124],[-0.232,0.115],[0,0]],"o":[[-26.807,0],[0,0],[17.331,5.431],[24.265,-0.924],[0.23,-0.114],[0,0],[0,0]],"v":[[1.445,-1.155],[-63.721,-7.626],[-64.991,-0.578],[1.559,6.702],[64.414,-4.621],[64.99,-4.967],[64.99,-5.198]],"c":true},"ix":2},"nm":"Path 1","mn":"ADBE Vector Shape - Group","hd":false},{"ty":"fl","c":{"a":0,"k":[0.944075939702,0.65023354923,0.47961919448,1],"ix":4},"o":{"a":0,"k":100,"ix":5},"r":1,"bm":0,"nm":"Fill 1","mn":"ADBE Vector Graphic - Fill","hd":false},{"ty":"tr","p":{"a":0,"k":[336.523,466.276],"ix":2},"a":{"a":0,"k":[0,0],"ix":1},"s":{"a":0,"k":[100,100],"ix":3},"r":{"a":0,"k":0,"ix":6},"o":{"a":0,"k":100,"ix":7},"sk":{"a":0,"k":0,"ix":4},"sa":{"a":0,"k":0,"ix":5},"nm":"Transform"}],"nm":"Group 1","np":2,"cix":2,"bm":0,"ix":4,"mn":"ADBE Vector Group","hd":false},{"ty":"gr","it":[{"ind":0,"ty":"sh","ix":1,"ks":{"a":0,"k":{"i":[[0,0],[-26.804,0],[0,0],[-1.27,-4.392],[43.672,0.924],[0,2.309]],"o":[[0,0],[28.422,0],[0,0],[1.273,4.389],[-57.192,-1.039],[-0.114,-1.618]],"v":[[-64.817,-20.103],[0.345,-13.632],[63.893,-17.674],[68.282,6.935],[1.387,19.18],[-69.44,7.628]],"c":true},"ix":2},"nm":"Path 1","mn":"ADBE Vector Shape - Group","hd":false},{"ty":"fl","c":{"a":0,"k":[0.988625799441,0.725116265989,0.564931054209,1],"ix":4},"o":{"a":0,"k":100,"ix":5},"r":1,"bm":0,"nm":"Fill 1","mn":"ADBE Vector Graphic - Fill","hd":false},{"ty":"tr","p":{"a":0,"k":[337.624,478.753],"ix":2},"a":{"a":0,"k":[0,0],"ix":1},"s":{"a":0,"k":[100,100],"ix":3},"r":{"a":0,"k":0,"ix":6},"o":{"a":0,"k":100,"ix":7},"sk":{"a":0,"k":0,"ix":4},"sa":{"a":0,"k":0,"ix":5},"nm":"Transform"}],"nm":"Group 4","np":2,"cix":2,"bm":0,"ix":5,"mn":"ADBE Vector Group","hd":false}],"ip":0,"op":90,"st":0,"bm":0},{"ddd":0,"ind":19,"ty":4,"nm":"neck-stroke 2","td":1,"sr":1,"ks":{"o":{"a":0,"k":100,"ix":11},"r":{"a":0,"k":0,"ix":10},"p":{"a":0,"k":[256,256,0],"ix":2,"l":2},"a":{"a":0,"k":[256,256,0],"ix":1,"l":2},"s":{"a":0,"k":[100,100,100],"ix":6,"l":2}},"ao":0,"shapes":[{"ty":"gr","it":[{"ty":"fl","c":{"a":0,"k":[0.895734480316,0.62085278081,0.456868459664,1],"ix":4},"o":{"a":0,"k":100,"ix":5},"r":1,"bm":0,"nm":"Fill 1","mn":"ADBE Vector Graphic - Fill","hd":false},{"ty":"tr","p":{"a":0,"k":[339.59,244.735],"ix":2},"a":{"a":0,"k":[0,0],"ix":1},"s":{"a":0,"k":[100,100],"ix":3},"r":{"a":0,"k":0,"ix":6},"o":{"a":0,"k":100,"ix":7},"sk":{"a":0,"k":0,"ix":4},"sa":{"a":0,"k":0,"ix":5},"nm":"Transform"}],"nm":"shadow","np":2,"cix":2,"bm":0,"ix":1,"mn":"ADBE Vector Group","hd":false},{"ty":"gr","it":[{"ind":0,"ty":"sh","ix":1,"ks":{"a":1,"k":[{"i":{"x":0.5,"y":1},"o":{"x":0.5,"y":0},"t":0,"s":[{"i":[[0,-14.5],[-2.5,-14.25],[0,0]],"o":[[-2,16.75],[0,14],[0,0]],"v":[[339.5,229.5],[339.5,273],[339.5,313.5]],"c":false}]},{"i":{"x":0.5,"y":1},"o":{"x":0.5,"y":0},"t":15,"s":[{"i":[[0,-14.5],[1.5,-14.25],[0,0]],"o":[[3,16],[0,14],[0,0]],"v":[[339.5,229.5],[339.5,273],[339.5,313.5]],"c":false}]},{"i":{"x":0.5,"y":1},"o":{"x":0.5,"y":0},"t":30,"s":[{"i":[[0,-14.5],[-2.5,-14.25],[0,0]],"o":[[-2,16.75],[0,14],[0,0]],"v":[[339.5,229.5],[339.5,273],[339.5,313.5]],"c":false}]},{"i":{"x":0.5,"y":1},"o":{"x":0.5,"y":0},"t":45,"s":[{"i":[[0,-14.5],[1.5,-14.25],[0,0]],"o":[[3,16],[0,14],[0,0]],"v":[[339.5,229.5],[339.5,273],[339.5,313.5]],"c":false}]},{"i":{"x":0.5,"y":1},"o":{"x":0.5,"y":0},"t":60,"s":[{"i":[[0,-14.5],[-2.5,-14.25],[0,0]],"o":[[-2,16.75],[0,14],[0,0]],"v":[[339.5,229.5],[339.5,273],[339.5,313.5]],"c":false}]},{"i":{"x":0.5,"y":1},"o":{"x":0.5,"y":0},"t":75,"s":[{"i":[[0,-14.5],[1.5,-14.25],[0,0]],"o":[[3,16],[0,14],[0,0]],"v":[[339.5,229.5],[339.5,273],[339.5,313.5]],"c":false}]},{"t":89,"s":[{"i":[[0,-14.5],[-2.5,-14.25],[0,0]],"o":[[-2,16.75],[0,14],[0,0]],"v":[[339.5,229.5],[339.5,273],[339.5,313.5]],"c":false}]}],"ix":2},"nm":"Path 1","mn":"ADBE Vector Shape - Group","hd":false},{"ty":"st","c":{"a":0,"k":[0.988625799441,0.725116265989,0.564931054209,1],"ix":3},"o":{"a":0,"k":100,"ix":4},"w":{"a":0,"k":47,"ix":5},"lc":2,"lj":2,"bm":0,"nm":"Stroke 1","mn":"ADBE Vector Graphic - Stroke","hd":false},{"ty":"tr","p":{"a":0,"k":[0,0],"ix":2},"a":{"a":0,"k":[0,0],"ix":1},"s":{"a":0,"k":[100,100],"ix":3},"r":{"a":0,"k":0,"ix":6},"o":{"a":0,"k":100,"ix":7},"sk":{"a":0,"k":0,"ix":4},"sa":{"a":0,"k":0,"ix":5},"nm":"Transform"}],"nm":"neck","np":2,"cix":2,"bm":0,"ix":2,"mn":"ADBE Vector Group","hd":false}],"ip":0,"op":90,"st":0,"bm":0},{"ddd":0,"ind":20,"ty":4,"nm":"neck","tt":1,"sr":1,"ks":{"o":{"a":0,"k":100,"ix":11},"r":{"a":0,"k":0,"ix":10},"p":{"a":0,"k":[256,250,0],"ix":2,"l":2},"a":{"a":0,"k":[256,256,0],"ix":1,"l":2},"s":{"a":0,"k":[100,100,100],"ix":6,"l":2}},"ao":0,"shapes":[{"ty":"gr","it":[{"ind":0,"ty":"sh","ix":1,"ks":{"a":0,"k":{"i":[[8.205,0],[7.394,2.308],[0,0],[-8.319,0.808],[-7.393,3.236],[0,0]],"o":[[-8.201,0],[0,0],[7.394,2.312],[10.974,-1.042],[0,0],[-7.393,2.308]],"v":[[0,-4.91],[-23.454,-8.491],[-23.454,6.065],[0.349,7.683],[23.454,1.328],[23.454,-8.491]],"c":true},"ix":2},"nm":"Path 1","mn":"ADBE Vector Shape - Group","hd":false},{"ty":"fl","c":{"a":0,"k":[0.895734480316,0.62085278081,0.456868459664,1],"ix":4},"o":{"a":0,"k":100,"ix":5},"r":1,"bm":0,"nm":"Fill 1","mn":"ADBE Vector Graphic - Fill","hd":false},{"ty":"tr","p":{"a":0,"k":[339.59,244.735],"ix":2},"a":{"a":0,"k":[0,0],"ix":1},"s":{"a":0,"k":[100,100],"ix":3},"r":{"a":0,"k":0,"ix":6},"o":{"a":0,"k":100,"ix":7},"sk":{"a":0,"k":0,"ix":4},"sa":{"a":0,"k":0,"ix":5},"nm":"Transform"}],"nm":"Group 1","np":2,"cix":2,"bm":0,"ix":1,"mn":"ADBE Vector Group","hd":false}],"ip":0,"op":90,"st":0,"bm":0},{"ddd":0,"ind":21,"ty":4,"nm":"neck-stroke","sr":1,"ks":{"o":{"a":0,"k":100,"ix":11},"r":{"a":0,"k":0,"ix":10},"p":{"a":0,"k":[256,256,0],"ix":2,"l":2},"a":{"a":0,"k":[256,256,0],"ix":1,"l":2},"s":{"a":0,"k":[100,100,100],"ix":6,"l":2}},"ao":0,"shapes":[{"ty":"gr","it":[{"ty":"fl","c":{"a":0,"k":[0.895734480316,0.62085278081,0.456868459664,1],"ix":4},"o":{"a":0,"k":100,"ix":5},"r":1,"bm":0,"nm":"Fill 1","mn":"ADBE Vector Graphic - Fill","hd":false},{"ty":"tr","p":{"a":0,"k":[339.59,244.735],"ix":2},"a":{"a":0,"k":[0,0],"ix":1},"s":{"a":0,"k":[100,100],"ix":3},"r":{"a":0,"k":0,"ix":6},"o":{"a":0,"k":100,"ix":7},"sk":{"a":0,"k":0,"ix":4},"sa":{"a":0,"k":0,"ix":5},"nm":"Transform"}],"nm":"shadow","np":2,"cix":2,"bm":0,"ix":1,"mn":"ADBE Vector Group","hd":false},{"ty":"gr","it":[{"ind":0,"ty":"sh","ix":1,"ks":{"a":1,"k":[{"i":{"x":0.5,"y":1},"o":{"x":0.5,"y":0},"t":0,"s":[{"i":[[0,-14.5],[-2.5,-14.25],[0,0]],"o":[[-2,16.75],[0,14],[0,0]],"v":[[339.5,229.5],[339.5,273],[339.5,313.5]],"c":false}]},{"i":{"x":0.5,"y":1},"o":{"x":0.5,"y":0},"t":15,"s":[{"i":[[0,-14.5],[1.5,-14.25],[0,0]],"o":[[3,16],[0,14],[0,0]],"v":[[339.5,229.5],[339.5,273],[339.5,313.5]],"c":false}]},{"i":{"x":0.5,"y":1},"o":{"x":0.5,"y":0},"t":30,"s":[{"i":[[0,-14.5],[-2.5,-14.25],[0,0]],"o":[[-2,16.75],[0,14],[0,0]],"v":[[339.5,229.5],[339.5,273],[339.5,313.5]],"c":false}]},{"i":{"x":0.5,"y":1},"o":{"x":0.5,"y":0},"t":45,"s":[{"i":[[0,-14.5],[1.5,-14.25],[0,0]],"o":[[3,16],[0,14],[0,0]],"v":[[339.5,229.5],[339.5,273],[339.5,313.5]],"c":false}]},{"i":{"x":0.5,"y":1},"o":{"x":0.5,"y":0},"t":60,"s":[{"i":[[0,-14.5],[-2.5,-14.25],[0,0]],"o":[[-2,16.75],[0,14],[0,0]],"v":[[339.5,229.5],[339.5,273],[339.5,313.5]],"c":false}]},{"i":{"x":0.5,"y":1},"o":{"x":0.5,"y":0},"t":75,"s":[{"i":[[0,-14.5],[1.5,-14.25],[0,0]],"o":[[3,16],[0,14],[0,0]],"v":[[339.5,229.5],[339.5,273],[339.5,313.5]],"c":false}]},{"t":89,"s":[{"i":[[0,-14.5],[-2.5,-14.25],[0,0]],"o":[[-2,16.75],[0,14],[0,0]],"v":[[339.5,229.5],[339.5,273],[339.5,313.5]],"c":false}]}],"ix":2},"nm":"Path 1","mn":"ADBE Vector Shape - Group","hd":false},{"ty":"st","c":{"a":0,"k":[0.988625799441,0.725116265989,0.564931054209,1],"ix":3},"o":{"a":0,"k":100,"ix":4},"w":{"a":0,"k":47,"ix":5},"lc":2,"lj":2,"bm":0,"nm":"Stroke 1","mn":"ADBE Vector Graphic - Stroke","hd":false},{"ty":"tr","p":{"a":0,"k":[0,0],"ix":2},"a":{"a":0,"k":[0,0],"ix":1},"s":{"a":0,"k":[100,100],"ix":3},"r":{"a":0,"k":0,"ix":6},"o":{"a":0,"k":100,"ix":7},"sk":{"a":0,"k":0,"ix":4},"sa":{"a":0,"k":0,"ix":5},"nm":"Transform"}],"nm":"neck","np":2,"cix":2,"bm":0,"ix":2,"mn":"ADBE Vector Group","hd":false}],"ip":0,"op":90,"st":0,"bm":0},{"ddd":0,"ind":23,"ty":4,"nm":"hand-right","sr":1,"ks":{"o":{"a":0,"k":100,"ix":11},"r":{"a":0,"k":0,"ix":10},"p":{"a":0,"k":[256,256,0],"ix":2,"l":2},"a":{"a":0,"k":[256,256,0],"ix":1,"l":2},"s":{"a":0,"k":[100,100,100],"ix":6,"l":2}},"ao":0,"shapes":[{"ty":"gr","it":[{"ind":0,"ty":"sh","ix":1,"ks":{"a":1,"k":[{"i":{"x":0.5,"y":1},"o":{"x":0.5,"y":0},"t":0,"s":[{"i":[[0,0],[-11.699,5.504]],"o":[[14.259,2.521],[0,0]],"v":[[-19.472,0.418],[19.472,-4.032]],"c":true}]},{"i":{"x":0.5,"y":1},"o":{"x":0.5,"y":0},"t":15,"s":[{"i":[[0,0],[-9.31,5.19]],"o":[[9.259,4.365],[0,0]],"v":[[-24.847,-1.332],[14.097,-2.032]],"c":true}]},{"i":{"x":0.5,"y":1},"o":{"x":0.5,"y":0},"t":31,"s":[{"i":[[0,0],[-11.699,5.504]],"o":[[14.259,2.521],[0,0]],"v":[[-19.472,0.418],[19.472,-4.032]],"c":true}]},{"i":{"x":0.5,"y":1},"o":{"x":0.5,"y":0},"t":46,"s":[{"i":[[0,0],[-9.31,5.19]],"o":[[9.259,4.365],[0,0]],"v":[[-24.847,-1.332],[14.097,-2.032]],"c":true}]},{"i":{"x":0.5,"y":1},"o":{"x":0.5,"y":0},"t":60,"s":[{"i":[[0,0],[-11.699,5.504]],"o":[[14.259,2.521],[0,0]],"v":[[-19.472,0.418],[19.472,-4.032]],"c":true}]},{"i":{"x":0.5,"y":1},"o":{"x":0.5,"y":0},"t":75,"s":[{"i":[[0,0],[-9.31,5.19]],"o":[[9.259,4.365],[0,0]],"v":[[-24.847,-1.332],[14.097,-2.032]],"c":true}]},{"t":89,"s":[{"i":[[0,0],[-11.699,5.504]],"o":[[14.259,2.521],[0,0]],"v":[[-19.472,0.418],[19.472,-4.032]],"c":true}]}],"ix":2},"nm":"Path 1","mn":"ADBE Vector Shape - Group","hd":false},{"ty":"fl","c":{"a":0,"k":[0.988625799441,0.725116265989,0.564931054209,1],"ix":4},"o":{"a":0,"k":100,"ix":5},"r":1,"bm":0,"nm":"Fill 1","mn":"ADBE Vector Graphic - Fill","hd":false},{"ty":"tr","p":{"a":0,"k":[457.338,495.842],"ix":2},"a":{"a":0,"k":[0,0],"ix":1},"s":{"a":0,"k":[100,100],"ix":3},"r":{"a":0,"k":0,"ix":6},"o":{"a":0,"k":100,"ix":7},"sk":{"a":0,"k":0,"ix":4},"sa":{"a":0,"k":0,"ix":5},"nm":"Transform"}],"nm":"Group 1","np":2,"cix":2,"bm":0,"ix":1,"mn":"ADBE Vector Group","hd":false},{"ty":"gr","it":[{"ind":0,"ty":"sh","ix":1,"ks":{"a":1,"k":[{"i":{"x":0.5,"y":1},"o":{"x":0.5,"y":0},"t":0,"s":[{"i":[[0,0],[8.604,18.964]],"o":[[-3.655,-32.1],[0,0]],"v":[[10.469,59.573],[-12.469,-66.604]],"c":false}]},{"i":{"x":0.5,"y":1},"o":{"x":0.5,"y":0},"t":15,"s":[{"i":[[0,0],[8.604,18.964]],"o":[[0.412,-32.316],[0,0]],"v":[[4.969,59.573],[-12.469,-66.604]],"c":false}]},{"i":{"x":0.5,"y":1},"o":{"x":0.5,"y":0},"t":31,"s":[{"i":[[0,0],[8.604,18.964]],"o":[[-3.655,-32.1],[0,0]],"v":[[10.469,59.573],[-12.469,-66.604]],"c":false}]},{"i":{"x":0.5,"y":1},"o":{"x":0.5,"y":0},"t":46,"s":[{"i":[[0,0],[8.604,18.964]],"o":[[0.412,-32.316],[0,0]],"v":[[4.969,59.573],[-12.469,-66.604]],"c":false}]},{"i":{"x":0.5,"y":1},"o":{"x":0.5,"y":0},"t":60,"s":[{"i":[[0,0],[8.604,18.964]],"o":[[-3.655,-32.1],[0,0]],"v":[[10.469,59.573],[-12.469,-66.604]],"c":false}]},{"i":{"x":0.5,"y":1},"o":{"x":0.5,"y":0},"t":75,"s":[{"i":[[0,0],[8.604,18.964]],"o":[[0.412,-32.316],[0,0]],"v":[[4.969,59.573],[-12.469,-66.604]],"c":false}]},{"t":89,"s":[{"i":[[0,0],[8.604,18.964]],"o":[[-3.655,-32.1],[0,0]],"v":[[10.469,59.573],[-12.469,-66.604]],"c":false}]}],"ix":2},"nm":"Path 1","mn":"ADBE Vector Shape - Group","hd":false},{"ty":"st","c":{"a":0,"k":[0.988625799441,0.725116265989,0.564931054209,1],"ix":3},"o":{"a":0,"k":100,"ix":4},"w":{"a":0,"k":39.337,"ix":5},"lc":1,"lj":2,"bm":0,"nm":"Stroke 1","mn":"ADBE Vector Graphic - Stroke","hd":false},{"ty":"tr","p":{"a":0,"k":[446.869,434.993],"ix":2},"a":{"a":0,"k":[0,0],"ix":1},"s":{"a":0,"k":[100,100],"ix":3},"r":{"a":0,"k":0,"ix":6},"o":{"a":0,"k":100,"ix":7},"sk":{"a":0,"k":0,"ix":4},"sa":{"a":0,"k":0,"ix":5},"nm":"Transform"}],"nm":"Group 2","np":2,"cix":2,"bm":0,"ix":2,"mn":"ADBE Vector Group","hd":false}],"ip":0,"op":90,"st":0,"bm":0},{"ddd":0,"ind":25,"ty":4,"nm":"hair-back","parent":1,"sr":1,"ks":{"o":{"a":0,"k":100,"ix":11},"r":{"a":0,"k":0,"ix":10},"p":{"a":0,"k":[10.394,96.157,0],"ix":2,"l":2},"a":{"a":0,"k":[256,256,0],"ix":1,"l":2},"s":{"a":0,"k":[46.296,40.323,100],"ix":6,"l":2}},"ao":0,"shapes":[{"ty":"gr","it":[{"ind":0,"ty":"sh","ix":1,"ks":{"a":1,"k":[{"i":{"x":0.833,"y":1},"o":{"x":0.5,"y":0},"t":0,"s":[{"i":[[1.846,6.817],[6.818,27.497],[40.784,0],[11.437,-42.174],[0,0],[-5.547,-2.311],[-61.219,9.158],[-14.328,1.501]],"o":[[0,0],[-10.628,-42.406],[-41.364,0],[-11.669,43.441],[-1.849,5.776],[13.17,5.199],[54.394,-8.137],[7.163,-0.808]],"v":[[101.35,63.231],[80.99,-24.897],[0.694,-92.834],[-81.223,-24.667],[-110.232,58.833],[-103.646,73.044],[0.578,92.141],[91.912,77.747]],"c":true}]},{"i":{"x":0.5,"y":1},"o":{"x":0.167,"y":0},"t":15,"s":[{"i":[[1.846,6.817],[6.818,27.497],[40.784,0],[11.437,-42.174],[0,0],[-5.547,-2.311],[-61.101,-7.732],[-13.826,6.857]],"o":[[0,0],[-10.628,-42.406],[-41.364,0],[-11.669,43.441],[-1.849,5.776],[13.17,5.199],[54.439,6.889],[7.163,-0.808]],"v":[[110.254,67.819],[80.99,-24.897],[0.693,-92.834],[-81.223,-24.667],[-102.063,62.213],[-95.477,76.424],[0.578,92.141],[100.317,82.379]],"c":true}]},{"i":{"x":0.833,"y":1},"o":{"x":0.5,"y":0},"t":30,"s":[{"i":[[1.846,6.817],[6.818,27.497],[40.784,0],[11.437,-42.174],[0,0],[-5.547,-2.311],[-61.219,9.158],[-14.328,1.501]],"o":[[0,0],[-10.628,-42.406],[-41.364,0],[-11.669,43.441],[-1.849,5.776],[13.17,5.199],[54.394,-8.137],[7.163,-0.808]],"v":[[101.35,63.231],[80.99,-24.897],[0.694,-92.834],[-81.223,-24.667],[-110.232,58.833],[-103.646,73.044],[0.578,92.141],[91.912,77.747]],"c":true}]},{"i":{"x":0.5,"y":1},"o":{"x":0.167,"y":0},"t":45,"s":[{"i":[[1.846,6.817],[6.818,27.497],[40.784,0],[11.437,-42.174],[0,0],[-5.547,-2.311],[-61.101,-7.732],[-13.826,6.857]],"o":[[0,0],[-10.628,-42.406],[-41.364,0],[-11.669,43.441],[-1.849,5.776],[13.17,5.199],[54.439,6.889],[7.163,-0.808]],"v":[[110.254,67.819],[80.99,-24.897],[0.693,-92.834],[-81.223,-24.667],[-102.063,62.213],[-95.477,76.424],[0.578,92.141],[100.317,82.379]],"c":true}]},{"i":{"x":0.833,"y":1},"o":{"x":0.5,"y":0},"t":60,"s":[{"i":[[1.846,6.817],[6.818,27.497],[40.784,0],[11.437,-42.174],[0,0],[-5.547,-2.311],[-61.219,9.158],[-14.328,1.501]],"o":[[0,0],[-10.628,-42.406],[-41.364,0],[-11.669,43.441],[-1.849,5.776],[13.17,5.199],[54.394,-8.137],[7.163,-0.808]],"v":[[101.35,63.231],[80.99,-24.897],[0.694,-92.834],[-81.223,-24.667],[-110.232,58.833],[-103.646,73.044],[0.578,92.141],[91.912,77.747]],"c":true}]},{"i":{"x":0.5,"y":1},"o":{"x":0.167,"y":0},"t":75,"s":[{"i":[[1.846,6.817],[6.818,27.497],[40.784,0],[11.437,-42.174],[0,0],[-5.547,-2.311],[-61.101,-7.732],[-13.826,6.857]],"o":[[0,0],[-10.628,-42.406],[-41.364,0],[-11.669,43.441],[-1.849,5.776],[13.17,5.199],[54.439,6.889],[7.163,-0.808]],"v":[[110.254,67.819],[80.99,-24.897],[0.693,-92.834],[-81.223,-24.667],[-102.063,62.213],[-95.477,76.424],[0.578,92.141],[100.317,82.379]],"c":true}]},{"t":89,"s":[{"i":[[1.846,6.817],[6.818,27.497],[40.784,0],[11.437,-42.174],[0,0],[-5.547,-2.311],[-61.219,9.158],[-14.328,1.501]],"o":[[0,0],[-10.628,-42.406],[-41.364,0],[-11.669,43.441],[-1.849,5.776],[13.17,5.199],[54.394,-8.137],[7.163,-0.808]],"v":[[101.35,63.231],[80.99,-24.897],[0.694,-92.834],[-81.223,-24.667],[-110.232,58.833],[-103.646,73.044],[0.578,92.141],[91.912,77.747]],"c":true}]}],"ix":2},"nm":"Path 1","mn":"ADBE Vector Shape - Group","hd":false},{"ty":"fl","c":{"a":0,"k":[0,0,0,1],"ix":4},"o":{"a":0,"k":100,"ix":5},"r":1,"bm":0,"nm":"Fill 1","mn":"ADBE Vector Graphic - Fill","hd":false},{"ty":"tr","p":{"a":0,"k":[338.894,175.295],"ix":2},"a":{"a":0,"k":[0,0],"ix":1},"s":{"a":0,"k":[100,100],"ix":3},"r":{"a":0,"k":0,"ix":6},"o":{"a":0,"k":100,"ix":7},"sk":{"a":0,"k":0,"ix":4},"sa":{"a":0,"k":0,"ix":5},"nm":"Transform"}],"nm":"Group 1","np":2,"cix":2,"bm":0,"ix":1,"mn":"ADBE Vector Group","hd":false}],"ip":0,"op":90,"st":0,"bm":0},{"ddd":0,"ind":27,"ty":4,"nm":"finges-left","sr":1,"ks":{"o":{"a":0,"k":100,"ix":11},"r":{"a":1,"k":[{"i":{"x":[0.833],"y":[1]},"o":{"x":[0.296],"y":[0.651]},"t":0,"s":[-50.691]},{"i":{"x":[0.627],"y":[1]},"o":{"x":[0.808],"y":[0]},"t":2,"s":[-52]},{"i":{"x":[0.627],"y":[1]},"o":{"x":[0.808],"y":[0]},"t":17,"s":[52]},{"i":{"x":[0.25],"y":[1]},"o":{"x":[0.75],"y":[0]},"t":32,"s":[-52]},{"i":{"x":[0.25],"y":[1]},"o":{"x":[0.75],"y":[0]},"t":47,"s":[52]},{"i":{"x":[0.25],"y":[1]},"o":{"x":[0.75],"y":[0]},"t":62,"s":[-52]},{"i":{"x":[0.359],"y":[0.892]},"o":{"x":[0.167],"y":[0]},"t":77,"s":[52]},{"t":89,"s":[-50.691]}],"ix":10},"p":{"a":1,"k":[{"i":{"x":0.25,"y":1},"o":{"x":0.75,"y":0},"t":0,"s":[77.969,242.997,0],"to":[15.037,-4.301,0],"ti":[0,0,0]},{"i":{"x":0.25,"y":1},"o":{"x":0.75,"y":0},"t":15,"s":[161.469,222.497,0],"to":[0,0,0],"ti":[-15.121,4.325,0]},{"i":{"x":0.25,"y":1},"o":{"x":0.75,"y":0},"t":30,"s":[77.969,242.997,0],"to":[15.037,-4.301,0],"ti":[0,0,0]},{"i":{"x":0.25,"y":1},"o":{"x":0.75,"y":0},"t":45,"s":[161.469,222.497,0],"to":[0,0,0],"ti":[-15.121,4.325,0]},{"i":{"x":0.25,"y":1},"o":{"x":0.75,"y":0},"t":60,"s":[77.969,242.997,0],"to":[15.037,-4.301,0],"ti":[0,0,0]},{"i":{"x":0.25,"y":1},"o":{"x":0.75,"y":0},"t":75,"s":[161.469,222.497,0],"to":[0,0,0],"ti":[-15.121,4.325,0]},{"t":89,"s":[77.969,242.997,0]}],"ix":2,"l":2},"a":{"a":0,"k":[129.633,220.278,0],"ix":1,"l":2},"s":{"a":0,"k":[100,100,100],"ix":6,"l":2}},"ao":0,"shapes":[{"ty":"gr","it":[{"ind":0,"ty":"sh","ix":1,"ks":{"a":0,"k":{"i":[[-0.69,10.564],[0.409,0.009],[0.077,-3.372],[0.156,0.081],[0,0],[3.01,0.221],[0,0],[0.221,-3.011],[0,0],[0,0],[0,0],[0,0],[0,0],[3.01,0.221],[0,0],[0.221,-3.011],[0,0],[0,0],[0.832,-0.71],[0,0],[2.92,0.214],[0.215,-2.921],[0,0],[1.33,-1.396],[0,0],[3.058,0.224],[0.224,-3.057],[0,0],[-0.002,-0.155],[0.054,-0.498],[-16.861,-1.824],[-2.132,17.42],[0,0]],"o":[[-0.156,-7.9],[-11.719,-1.499],[-0.153,-0.083],[0,0],[0.221,-3.01],[0,0],[-3.01,-0.222],[0,0],[0,0],[0,0],[0,0],[0,0],[0.221,-3.011],[0,0],[-3.01,-0.221],[0,0],[0,0],[-0.219,2.993],[0,0],[0.214,-2.92],[-2.92,-0.215],[0,0],[-0.265,1.642],[0,0],[0.224,-3.056],[-3.056,-0.224],[0,0],[-0.012,0.158],[-0.073,0.475],[-1.912,17.669],[16.709,1.807],[0,0],[0.093,-0.731]],"v":[[31.771,5.062],[32.792,-9.557],[19.839,3.078],[19.37,2.835],[22.303,-37.148],[17.23,-43.023],[16.814,-43.053],[10.939,-37.981],[8.214,-0.822],[8.408,-3.457],[6.984,-3.877],[6.781,-1.097],[10.215,-47.903],[5.143,-53.779],[4.727,-53.809],[-1.148,-48.737],[-4.559,-2.254],[-3.917,-11.006],[-5.904,-5.802],[-3.126,-43.691],[-8.046,-49.39],[-13.744,-44.47],[-16.592,-5.646],[-18.787,-0.597],[-16.469,-32.195],[-21.62,-38.16],[-27.585,-33.01],[-31.107,15.008],[-31.094,15.471],[-31.288,16.928],[-4.219,52.223],[29.708,24.012],[29.719,24.031]],"c":true},"ix":2},"nm":"Path 1","mn":"ADBE Vector Shape - Group","hd":false},{"ty":"fl","c":{"a":0,"k":[0.988625799441,0.725116265989,0.564931054209,1],"ix":4},"o":{"a":0,"k":100,"ix":5},"r":1,"bm":0,"nm":"Fill 1","mn":"ADBE Vector Graphic - Fill","hd":false},{"ty":"tr","p":{"a":0,"k":[128.947,180.917],"ix":2},"a":{"a":0,"k":[0,0],"ix":1},"s":{"a":0,"k":[100,100],"ix":3},"r":{"a":0,"k":0,"ix":6},"o":{"a":0,"k":100,"ix":7},"sk":{"a":0,"k":0,"ix":4},"sa":{"a":0,"k":0,"ix":5},"nm":"Transform"}],"nm":"fingers","np":2,"cix":2,"bm":0,"ix":1,"mn":"ADBE Vector Group","hd":false}],"ip":0,"op":90,"st":0,"bm":0},{"ddd":0,"ind":30,"ty":4,"nm":"hand-left-alpha-matte","td":1,"sr":1,"ks":{"o":{"a":0,"k":100,"ix":11},"r":{"a":0,"k":0,"ix":10},"p":{"a":0,"k":[256,256,0],"ix":2,"l":2},"a":{"a":0,"k":[256,256,0],"ix":1,"l":2},"s":{"a":0,"k":[100,100,100],"ix":6,"l":2}},"ao":0,"shapes":[{"ty":"gr","it":[{"ind":0,"ty":"sh","ix":1,"ks":{"a":1,"k":[{"i":{"x":0.25,"y":1},"o":{"x":0.75,"y":0},"t":0,"s":[{"i":[[0,0],[-31.361,-34.774],[-18.503,9.554]],"o":[[8.907,23.148],[44.639,44.226],[0,0]],"v":[[-108.178,-54.206],[-54.709,30.291],[57.619,32.777]],"c":false}]},{"i":{"x":0.25,"y":1},"o":{"x":0.75,"y":0},"t":15,"s":[{"i":[[0,0],[-6.506,-32.336],[-18.503,9.554]],"o":[[-12.509,25.125],[10.69,53.125],[0,0]],"v":[[-24.06,-81.608],[-46.259,13.392],[57.619,32.777]],"c":false}]},{"i":{"x":0.25,"y":1},"o":{"x":0.75,"y":0},"t":30,"s":[{"i":[[0,0],[-31.361,-34.774],[-18.503,9.554]],"o":[[8.907,23.148],[44.639,44.226],[0,0]],"v":[[-108.178,-54.206],[-54.709,30.291],[57.619,32.777]],"c":false}]},{"i":{"x":0.25,"y":1},"o":{"x":0.75,"y":0},"t":45,"s":[{"i":[[0,0],[-6.506,-32.336],[-18.503,9.554]],"o":[[-12.509,25.125],[10.69,53.125],[0,0]],"v":[[-24.06,-81.608],[-46.259,13.392],[57.619,32.777]],"c":false}]},{"i":{"x":0.25,"y":1},"o":{"x":0.75,"y":0},"t":60,"s":[{"i":[[0,0],[-31.361,-34.774],[-18.503,9.554]],"o":[[8.907,23.148],[44.639,44.226],[0,0]],"v":[[-108.178,-54.206],[-54.709,30.291],[57.619,32.777]],"c":false}]},{"i":{"x":0.25,"y":1},"o":{"x":0.75,"y":0},"t":75,"s":[{"i":[[0,0],[-6.506,-32.336],[-18.503,9.554]],"o":[[-12.509,25.125],[10.69,53.125],[0,0]],"v":[[-24.06,-81.608],[-46.259,13.392],[57.619,32.777]],"c":false}]},{"t":89,"s":[{"i":[[0,0],[-31.361,-34.774],[-18.503,9.554]],"o":[[8.907,23.148],[44.639,44.226],[0,0]],"v":[[-108.178,-54.206],[-54.709,30.291],[57.619,32.777]],"c":false}]}],"ix":2},"nm":"Path 1","mn":"ADBE Vector Shape - Group","hd":false},{"ty":"st","c":{"a":0,"k":[0.988625799441,0.725116265989,0.564931054209,1],"ix":3},"o":{"a":0,"k":100,"ix":4},"w":{"a":0,"k":39.337,"ix":5},"lc":2,"lj":2,"bm":0,"nm":"Stroke 1","mn":"ADBE Vector Graphic - Stroke","hd":false},{"ty":"tr","p":{"a":0,"k":[185.069,305.483],"ix":2},"a":{"a":0,"k":[0,0],"ix":1},"s":{"a":0,"k":[100,100],"ix":3},"r":{"a":0,"k":0,"ix":6},"o":{"a":0,"k":100,"ix":7},"sk":{"a":0,"k":0,"ix":4},"sa":{"a":0,"k":0,"ix":5},"nm":"Transform"}],"nm":"hand","np":2,"cix":2,"bm":0,"ix":3,"mn":"ADBE Vector Group","hd":false}],"ip":0,"op":90,"st":0,"bm":0},{"ddd":0,"ind":31,"ty":4,"nm":"shadow-left","tt":1,"sr":1,"ks":{"o":{"a":0,"k":100,"ix":11},"r":{"a":1,"k":[{"i":{"x":[0.5],"y":[1]},"o":{"x":[0.5],"y":[0]},"t":0,"s":[-20]},{"i":{"x":[0.5],"y":[1]},"o":{"x":[0.5],"y":[0]},"t":15,"s":[14]},{"i":{"x":[0.5],"y":[1]},"o":{"x":[0.5],"y":[0]},"t":30,"s":[-20]},{"i":{"x":[0.5],"y":[1]},"o":{"x":[0.5],"y":[0]},"t":45,"s":[14]},{"i":{"x":[0.5],"y":[1]},"o":{"x":[0.5],"y":[0]},"t":60,"s":[-20]},{"i":{"x":[0.5],"y":[1]},"o":{"x":[0.5],"y":[0]},"t":75,"s":[14]},{"t":89,"s":[-20]}],"ix":10},"p":{"a":1,"k":[{"i":{"x":0.5,"y":1},"o":{"x":0.5,"y":0},"t":0,"s":[82.891,255.527,0],"to":[13.62,-4.092,0],"ti":[0,0,0]},{"i":{"x":0.5,"y":1},"o":{"x":0.5,"y":0},"t":15,"s":[164.61,230.974,0],"to":[0,0,0],"ti":[0,0,0]},{"i":{"x":0.5,"y":1},"o":{"x":0.5,"y":0},"t":30,"s":[82.891,255.527,0],"to":[0,0,0],"ti":[0,0,0]},{"i":{"x":0.5,"y":1},"o":{"x":0.5,"y":0},"t":45,"s":[164.61,230.974,0],"to":[0,0,0],"ti":[0,0,0]},{"i":{"x":0.5,"y":1},"o":{"x":0.5,"y":0},"t":60,"s":[82.891,255.527,0],"to":[0,0,0],"ti":[0,0,0]},{"i":{"x":0.5,"y":1},"o":{"x":0.5,"y":0},"t":75,"s":[164.61,230.974,0],"to":[0,0,0],"ti":[13.62,-4.092,0]},{"t":89,"s":[82.891,255.527,0]}],"ix":2,"l":2},"a":{"a":0,"k":[133.891,234.277,0],"ix":1,"l":2},"s":{"a":0,"k":[96.458,100,100],"ix":6,"l":2}},"ao":0,"shapes":[{"ty":"gr","it":[{"ind":0,"ty":"sh","ix":1,"ks":{"a":0,"k":{"i":[[6.988,3.342],[0,0],[-7.583,5.025],[0,0]],"o":[[0,0],[32.525,6.365],[0,0],[-7.648,1.227]],"v":[[-35.329,-18.436],[-25.91,0.63],[29.194,-17.325],[28.828,-26.983]],"c":true},"ix":2},"nm":"Path 1","mn":"ADBE Vector Shape - Group","hd":false},{"ty":"fl","c":{"a":0,"k":[0.895734480316,0.62085278081,0.456868459664,1],"ix":4},"o":{"a":0,"k":100,"ix":5},"r":1,"bm":0,"nm":"Fill 1","mn":"ADBE Vector Graphic - Fill","hd":false},{"ty":"tr","p":{"a":0,"k":[131.972,239.278],"ix":2},"a":{"a":0,"k":[0,0],"ix":1},"s":{"a":0,"k":[100,100],"ix":3},"r":{"a":0,"k":0,"ix":6},"o":{"a":0,"k":100,"ix":7},"sk":{"a":0,"k":0,"ix":4},"sa":{"a":0,"k":0,"ix":5},"nm":"Transform"}],"nm":"shadow","np":2,"cix":2,"bm":0,"ix":2,"mn":"ADBE Vector Group","hd":false}],"ip":0,"op":90,"st":0,"bm":0},{"ddd":0,"ind":32,"ty":4,"nm":"hand-left","sr":1,"ks":{"o":{"a":0,"k":100,"ix":11},"r":{"a":0,"k":0,"ix":10},"p":{"a":0,"k":[256,256,0],"ix":2,"l":2},"a":{"a":0,"k":[256,256,0],"ix":1,"l":2},"s":{"a":0,"k":[100,100,100],"ix":6,"l":2}},"ao":0,"shapes":[{"ty":"gr","it":[{"ind":0,"ty":"sh","ix":1,"ks":{"a":1,"k":[{"i":{"x":0.25,"y":1},"o":{"x":0.75,"y":0},"t":0,"s":[{"i":[[0,0],[-31.361,-34.774],[-18.503,9.554]],"o":[[8.907,23.148],[44.639,44.226],[0,0]],"v":[[-108.178,-54.206],[-54.709,30.291],[57.619,32.777]],"c":false}]},{"i":{"x":0.25,"y":1},"o":{"x":0.75,"y":0},"t":15,"s":[{"i":[[0,0],[-6.506,-32.336],[-18.503,9.554]],"o":[[-12.509,25.125],[10.69,53.125],[0,0]],"v":[[-24.06,-81.608],[-46.259,13.392],[57.619,32.777]],"c":false}]},{"i":{"x":0.25,"y":1},"o":{"x":0.75,"y":0},"t":30,"s":[{"i":[[0,0],[-31.361,-34.774],[-18.503,9.554]],"o":[[8.907,23.148],[44.639,44.226],[0,0]],"v":[[-108.178,-54.206],[-54.709,30.291],[57.619,32.777]],"c":false}]},{"i":{"x":0.25,"y":1},"o":{"x":0.75,"y":0},"t":45,"s":[{"i":[[0,0],[-6.506,-32.336],[-18.503,9.554]],"o":[[-12.509,25.125],[10.69,53.125],[0,0]],"v":[[-24.06,-81.608],[-46.259,13.392],[57.619,32.777]],"c":false}]},{"i":{"x":0.25,"y":1},"o":{"x":0.75,"y":0},"t":60,"s":[{"i":[[0,0],[-31.361,-34.774],[-18.503,9.554]],"o":[[8.907,23.148],[44.639,44.226],[0,0]],"v":[[-108.178,-54.206],[-54.709,30.291],[57.619,32.777]],"c":false}]},{"i":{"x":0.25,"y":1},"o":{"x":0.75,"y":0},"t":75,"s":[{"i":[[0,0],[-6.506,-32.336],[-18.503,9.554]],"o":[[-12.509,25.125],[10.69,53.125],[0,0]],"v":[[-24.06,-81.608],[-46.259,13.392],[57.619,32.777]],"c":false}]},{"t":89,"s":[{"i":[[0,0],[-31.361,-34.774],[-18.503,9.554]],"o":[[8.907,23.148],[44.639,44.226],[0,0]],"v":[[-108.178,-54.206],[-54.709,30.291],[57.619,32.777]],"c":false}]}],"ix":2},"nm":"Path 1","mn":"ADBE Vector Shape - Group","hd":false},{"ty":"st","c":{"a":0,"k":[0.988625799441,0.725116265989,0.564931054209,1],"ix":3},"o":{"a":0,"k":100,"ix":4},"w":{"a":0,"k":39.337,"ix":5},"lc":2,"lj":2,"bm":0,"nm":"Stroke 1","mn":"ADBE Vector Graphic - Stroke","hd":false},{"ty":"tr","p":{"a":0,"k":[185.069,305.483],"ix":2},"a":{"a":0,"k":[0,0],"ix":1},"s":{"a":0,"k":[100,100],"ix":3},"r":{"a":0,"k":0,"ix":6},"o":{"a":0,"k":100,"ix":7},"sk":{"a":0,"k":0,"ix":4},"sa":{"a":0,"k":0,"ix":5},"nm":"Transform"}],"nm":"hand","np":2,"cix":2,"bm":0,"ix":3,"mn":"ADBE Vector Group","hd":false}],"ip":0,"op":90,"st":0,"bm":0}]}],"layers":[{"ddd":0,"ind":0,"ty":0,"nm":"LFgirl-sticker-wave","refId":"comp_0","sr":1,"ks":{"o":{"a":0,"k":100,"ix":11},"r":{"a":0,"k":0,"ix":10},"p":{"a":0,"k":[400,300,0],"ix":2,"l":2},"a":{"a":0,"k":[256,256,0],"ix":1,"l":2},"s":{"a":0,"k":[90,90,100],"ix":6,"l":2}},"ao":0,"w":512,"h":512,"ip":0,"op":90,"st":0,"bm":0},{"ddd":0,"ind":0,"ty":0,"nm":"LFgirl-sticker-wave","refId":"comp_0","sr":1,"ks":{"o":{"a":0,"k":100,"ix":11},"r":{"a":0,"k":0,"ix":10},"p":{"a":0,"k":[400,300,0],"ix":2,"l":2},"a":{"a":0,"k":[256,256,0],"ix":1,"l":2},"s":{"a":0,"k":[90,90,100],"ix":6,"l":2}},"ao":0,"w":512,"h":512,"ip":0,"op":90,"st":0,"bm":0}],"chars":[],"markers":[]}