{"v":"5.9.1","fr":29.9700012207031,"ip":0,"op":61.0000024845809,"w":714,"h":500,"nm":"22","ddd":1,"assets":[{"id":"comp_0","nm":"Pre-comp 1","fr":29.9700012207031,"layers":[{"ddd":0,"ind":1,"ty":4,"nm":"Shape Layer 3","sr":1,"ks":{"o":{"a":0,"k":100,"ix":11},"r":{"a":0,"k":0,"ix":10},"p":{"a":0,"k":[418,539,0],"ix":2,"l":2},"a":{"a":0,"k":[-381.159,25.714,0],"ix":1,"l":2},"s":{"a":0,"k":[30,31,100],"ix":6,"l":2}},"ao":0,"shapes":[{"ty":"gr","it":[{"d":1,"ty":"el","s":{"a":0,"k":[204,106],"ix":2},"p":{"a":0,"k":[0,0],"ix":3},"nm":"Ellipse Path 1","mn":"ADBE Vector Shape - Ellipse","hd":false},{"ty":"st","c":{"a":0,"k":[0.913725490196,0.872160010244,0.872160010244,1],"ix":3},"o":{"a":0,"k":100,"ix":4},"w":{"a":0,"k":0,"ix":5},"lc":1,"lj":1,"ml":4,"bm":0,"nm":"Stroke 1","mn":"ADBE Vector Graphic - Stroke","hd":false},{"ty":"fl","c":{"a":0,"k":[0.941960811615,0.875469446182,0.875469446182,1],"ix":4},"o":{"a":0,"k":100,"ix":5},"r":1,"bm":0,"nm":"Fill 1","mn":"ADBE Vector Graphic - Fill","hd":false},{"ty":"tr","p":{"a":0,"k":[-387,23],"ix":2},"a":{"a":0,"k":[0,0],"ix":1},"s":{"a":0,"k":[100,100],"ix":3},"r":{"a":0,"k":0,"ix":6},"o":{"a":0,"k":100,"ix":7},"sk":{"a":0,"k":0,"ix":4},"sa":{"a":0,"k":0,"ix":5},"nm":"Transform"}],"nm":"Ellipse 1","np":3,"cix":2,"bm":0,"ix":1,"mn":"ADBE Vector Group","hd":false}],"ip":0,"op":900.000036657751,"st":0,"bm":0},{"ddd":0,"ind":2,"ty":4,"nm":"Shape Layer 2","sr":1,"ks":{"o":{"a":0,"k":100,"ix":11},"r":{"a":0,"k":0,"ix":10},"p":{"a":0,"k":[451,547,0],"ix":2,"l":2},"a":{"a":0,"k":[-381.159,25.714,0],"ix":1,"l":2},"s":{"a":0,"k":[14,24,100],"ix":6,"l":2}},"ao":0,"shapes":[{"ty":"gr","it":[{"d":1,"ty":"el","s":{"a":0,"k":[204,106],"ix":2},"p":{"a":0,"k":[0,0],"ix":3},"nm":"Ellipse Path 1","mn":"ADBE Vector Shape - Ellipse","hd":false},{"ty":"st","c":{"a":0,"k":[0.913725490196,0.872160010244,0.872160010244,1],"ix":3},"o":{"a":0,"k":100,"ix":4},"w":{"a":0,"k":0,"ix":5},"lc":1,"lj":1,"ml":4,"bm":0,"nm":"Stroke 1","mn":"ADBE Vector Graphic - Stroke","hd":false},{"ty":"fl","c":{"a":0,"k":[0.941960811615,0.875469446182,0.875469446182,1],"ix":4},"o":{"a":0,"k":100,"ix":5},"r":1,"bm":0,"nm":"Fill 1","mn":"ADBE Vector Graphic - Fill","hd":false},{"ty":"tr","p":{"a":0,"k":[-387,23],"ix":2},"a":{"a":0,"k":[0,0],"ix":1},"s":{"a":0,"k":[100,100],"ix":3},"r":{"a":0,"k":0,"ix":6},"o":{"a":0,"k":100,"ix":7},"sk":{"a":0,"k":0,"ix":4},"sa":{"a":0,"k":0,"ix":5},"nm":"Transform"}],"nm":"Ellipse 1","np":3,"cix":2,"bm":0,"ix":1,"mn":"ADBE Vector Group","hd":false}],"ip":0,"op":900.000036657751,"st":0,"bm":0},{"ddd":0,"ind":3,"ty":4,"nm":"Shape Layer 1","sr":1,"ks":{"o":{"a":0,"k":100,"ix":11},"r":{"a":0,"k":0,"ix":10},"p":{"a":0,"k":[700,490,0],"ix":2,"l":2},"a":{"a":0,"k":[0,0,0],"ix":1,"l":2},"s":{"a":0,"k":[100,100,100],"ix":6,"l":2}},"ao":0,"shapes":[{"ty":"gr","it":[{"d":1,"ty":"el","s":{"a":0,"k":[204,106],"ix":2},"p":{"a":0,"k":[0,0],"ix":3},"nm":"Ellipse Path 1","mn":"ADBE Vector Shape - Ellipse","hd":false},{"ty":"st","c":{"a":0,"k":[0.913725490196,0.872160010244,0.872160010244,1],"ix":3},"o":{"a":0,"k":100,"ix":4},"w":{"a":0,"k":0,"ix":5},"lc":1,"lj":1,"ml":4,"bm":0,"nm":"Stroke 1","mn":"ADBE Vector Graphic - Stroke","hd":false},{"ty":"fl","c":{"a":0,"k":[0.941960811615,0.875469446182,0.875469446182,1],"ix":4},"o":{"a":0,"k":100,"ix":5},"r":1,"bm":0,"nm":"Fill 1","mn":"ADBE Vector Graphic - Fill","hd":false},{"ty":"tr","p":{"a":0,"k":[-387,23],"ix":2},"a":{"a":0,"k":[0,0],"ix":1},"s":{"a":0,"k":[100,100],"ix":3},"r":{"a":0,"k":0,"ix":6},"o":{"a":0,"k":100,"ix":7},"sk":{"a":0,"k":0,"ix":4},"sa":{"a":0,"k":0,"ix":5},"nm":"Transform"}],"nm":"Ellipse 1","np":3,"cix":2,"bm":0,"ix":1,"mn":"ADBE Vector Group","hd":false}],"ip":0,"op":900.000036657751,"st":0,"bm":0}]}],"fonts":{"list":[{"origin":1,"fPath":"","fClass":"","fFamily":"Times New Roman","fWeight":"","fStyle":"Regular","fName":"TimesNewRomanPSMT","ascent":69.4992065429688},{"origin":0,"fPath":"","fClass":"","fFamily":"Times New Roman","fWeight":"","fStyle":"Bold","fName":"TimesNewRomanPS-BoldMT","ascent":66.2994384765625}]},"layers":[{"ddd":0,"ind":1,"ty":3,"nm":"Null 1","sr":1,"ks":{"o":{"a":0,"k":0,"ix":11},"r":{"a":0,"k":0,"ix":10},"p":{"a":0,"k":[230,250,0],"ix":2,"l":2},"a":{"a":0,"k":[0,0,0],"ix":1,"l":2},"s":{"a":0,"k":[71,71,100],"ix":6,"l":2}},"ao":0,"ip":0,"op":900.000036657751,"st":0,"bm":0},{"ddd":0,"ind":2,"ty":5,"nm":"hi  Mr Peter De Loof ","parent":1,"sr":1,"ks":{"o":{"a":0,"k":100,"ix":11},"r":{"a":0,"k":0,"ix":10},"p":{"a":0,"k":[543,-57.5,0],"ix":2,"l":2},"a":{"a":0,"k":[0,0,0],"ix":1,"l":2},"s":{"a":0,"k":[100,100,100],"ix":6,"l":2}},"ao":0,"t":{"d":{"k":[{"s":{"sz":[376,181],"ps":[-188,-90.5],"s":21,"f":"TimesNewRomanPS-BoldMT","t":"","ca":0,"j":0,"tr":0,"lh":25.2000007629395,"ls":0,"fc":[0.537,0.467,0.467]},"t":0}]},"p":{},"m":{"g":1,"a":{"a":0,"k":[0,0],"ix":2}},"a":[]},"ip":0,"op":900.000036657751,"st":0,"bm":0},{"ddd":1,"ind":3,"ty":0,"nm":"Pre-comp 1","parent":1,"refId":"comp_0","sr":1,"ks":{"o":{"a":0,"k":100,"ix":11},"rx":{"a":0,"k":0,"ix":8},"ry":{"a":0,"k":180,"ix":9},"rz":{"a":0,"k":0,"ix":10},"or":{"a":0,"k":[0,0,0],"ix":7},"p":{"a":0,"k":[46,-146,0],"ix":2},"a":{"a":0,"k":[700,490,0],"ix":1},"s":{"a":0,"k":[100,100,100],"ix":6}},"ao":0,"w":1400,"h":980,"ip":0,"op":900.000036657751,"st":0,"bm":0},{"ddd":0,"ind":4,"ty":5,"nm":"<empty text layer>","parent":1,"sr":1,"ks":{"o":{"a":0,"k":100,"ix":11},"r":{"a":0,"k":0,"ix":10},"p":{"a":0,"k":[154,320,0],"ix":2,"l":2},"a":{"a":0,"k":[0,0,0],"ix":1,"l":2},"s":{"a":0,"k":[100,100,100],"ix":6,"l":2}},"ao":0,"t":{"d":{"k":[{"s":{"sz":[376,64],"ps":[-188,-32],"s":36,"f":"TimesNewRomanPSMT","t":"","ca":0,"j":0,"tr":0,"lh":43.2000007629395,"ls":0,"fc":[0.922,0.922,0.922]},"t":0}]},"p":{},"m":{"g":1,"a":{"a":0,"k":[0,0],"ix":2}},"a":[]},"ip":0,"op":900.000036657751,"st":0,"bm":0},{"ddd":0,"ind":5,"ty":4,"nm":"Layer 2 Outlines","parent":1,"sr":1,"ks":{"o":{"a":0,"k":100,"ix":11},"r":{"a":1,"k":[{"i":{"x":[0.667],"y":[1]},"o":{"x":[0.333],"y":[0]},"t":0,"s":[-5]},{"i":{"x":[0.667],"y":[1]},"o":{"x":[0.333],"y":[0]},"t":30,"s":[5]},{"t":60.0000024438501,"s":[-5]}],"ix":10},"p":{"a":0,"k":[147.186,-38.358,0],"ix":2,"l":2},"a":{"a":0,"k":[110.485,237.522,0],"ix":1,"l":2},"s":{"a":0,"k":[100,100,100],"ix":6,"l":2}},"ao":0,"shapes":[{"ty":"gr","it":[{"ind":0,"ty":"sh","ix":1,"ks":{"a":0,"k":{"i":[[-16.461,-1.32],[-0.173,-0.012],[-0.017,0.126],[0.857,0.115],[0.122,-0.858],[14.856,0.959],[0.156,0.012],[0.089,0.458],[0.846,-0.15],[-0.153,-0.855]],"o":[[0.17,0.014],[17.904,1.155],[0.109,-0.857],[-0.836,-0.106],[-0.054,0.394],[-0.159,-0.011],[-13.95,-1.119],[-0.155,-0.851],[-0.855,0.154],[0.024,0.13]],"v":[[-0.609,7.49],[-0.093,7.528],[19.621,-3.893],[18.27,-5.645],[16.501,-4.3],[0.11,4.388],[-0.363,4.354],[-16.483,-7.271],[-18.308,-8.534],[-19.577,-6.708]],"c":true},"ix":2},"nm":"Path 1","mn":"ADBE Vector Shape - Group","hd":false},{"ty":"fl","c":{"a":0,"k":[0.249019503126,0.097383835736,0.162876069312,1],"ix":4},"o":{"a":0,"k":100,"ix":5},"r":1,"bm":0,"nm":"Fill 1","mn":"ADBE Vector Graphic - Fill","hd":false},{"ty":"tr","p":{"a":0,"k":[118.317,213.833],"ix":2},"a":{"a":0,"k":[0,0],"ix":1},"s":{"a":0,"k":[100,100],"ix":3},"r":{"a":0,"k":0,"ix":6},"o":{"a":0,"k":100,"ix":7},"sk":{"a":0,"k":0,"ix":4},"sa":{"a":0,"k":0,"ix":5},"nm":"Transform"}],"nm":"Group 1","np":2,"cix":2,"bm":0,"ix":1,"mn":"ADBE Vector Group","hd":false},{"ty":"gr","it":[{"ind":0,"ty":"sh","ix":1,"ks":{"a":0,"k":{"i":[[0,0],[0,0],[0,0]],"o":[[-6.379,-26.363],[0,0],[24.821,-0.963]],"v":[[17.795,13.397],[-16.986,-13.397],[-17.795,-7.923]],"c":true},"ix":2},"nm":"Path 1","mn":"ADBE Vector Shape - Group","hd":false},{"ty":"fl","c":{"a":0,"k":[0.249019503126,0.097383835736,0.162876069312,1],"ix":4},"o":{"a":0,"k":100,"ix":5},"r":1,"bm":0,"nm":"Fill 1","mn":"ADBE Vector Graphic - Fill","hd":false},{"ty":"tr","p":{"a":0,"k":[169.382,134.788],"ix":2},"a":{"a":0,"k":[0,0],"ix":1},"s":{"a":0,"k":[100,100],"ix":3},"r":{"a":0,"k":0,"ix":6},"o":{"a":0,"k":100,"ix":7},"sk":{"a":0,"k":0,"ix":4},"sa":{"a":0,"k":0,"ix":5},"nm":"Transform"}],"nm":"Group 2","np":2,"cix":2,"bm":0,"ix":2,"mn":"ADBE Vector Group","hd":false},{"ty":"gr","it":[{"ind":0,"ty":"sh","ix":1,"ks":{"a":0,"k":{"i":[[-24.35,-4.908],[0,0],[10.501,-25.009]],"o":[[0,0],[0,0],[0,0]],"v":[[19.23,-2.87],[19.305,-8.404],[-19.305,12.504]],"c":true},"ix":2},"nm":"Path 1","mn":"ADBE Vector Shape - Group","hd":false},{"ty":"fl","c":{"a":0,"k":[0.249019503126,0.097383835736,0.162876069312,1],"ix":4},"o":{"a":0,"k":100,"ix":5},"r":1,"bm":0,"nm":"Fill 1","mn":"ADBE Vector Graphic - Fill","hd":false},{"ty":"tr","p":{"a":0,"k":[73.059,124.977],"ix":2},"a":{"a":0,"k":[0,0],"ix":1},"s":{"a":0,"k":[100,100],"ix":3},"r":{"a":0,"k":0,"ix":6},"o":{"a":0,"k":100,"ix":7},"sk":{"a":0,"k":0,"ix":4},"sa":{"a":0,"k":0,"ix":5},"nm":"Transform"}],"nm":"Group 3","np":2,"cix":2,"bm":0,"ix":3,"mn":"ADBE Vector Group","hd":false},{"ty":"gr","it":[{"ind":0,"ty":"sh","ix":1,"ks":{"a":0,"k":{"i":[[0,0],[15.673,-2.263],[33.165,-0.86],[0,0],[2.021,-25.188],[0,0],[-14.136,9.428],[-4.089,15.868],[1.112,0.925],[0,0],[-0.684,-0.568],[-14.044,-11.927],[-21.996,-6.693],[0,0],[-4.112,-10.188],[0,0],[-4.984,9.459],[-1.261,6.941],[0.67,9.208],[0,0],[-3.248,5.373],[0,0],[0,0],[-2.884,9.627],[0,0],[0,0],[-0.729,9.096]],"o":[[0,0],[-15.674,2.264],[-33.165,0.86],[0,0],[-2.021,25.188],[0,0],[14.136,-9.429],[2.534,-9.83],[-0.906,-0.219],[0,0],[5.218,1.26],[16.481,13.997],[21.997,6.694],[0,0],[4.111,10.188],[0,0],[4.984,-9.458],[1.261,-6.94],[-0.669,-9.208],[0,0],[3.247,-5.373],[-12.036,9.597],[0,0],[2.885,-9.627],[-6.833,14.944],[0,0],[0.73,-9.095]],"v":[[63.971,-77.94],[42.839,-69.073],[-35.301,-78.158],[-80.536,-40.945],[-108.898,5.368],[-103.705,63.527],[-80.971,25.917],[-54.294,0.594],[-53.852,-13.244],[-55.27,-13.568],[-53.852,-13.244],[-15.924,5.081],[28.096,26.92],[71.643,28.301],[77.656,49.909],[89.404,79.018],[96.349,62.675],[103.798,40.035],[104.083,18.933],[100.307,4.546],[107.672,-8.242],[108.375,-25.79],[87.665,-30.972],[97.576,-49.19],[94.389,-62.121],[65.505,-53.171],[66.57,-66.465]],"c":true},"ix":2},"nm":"Path 1","mn":"ADBE Vector Shape - Group","hd":false},{"ty":"fl","c":{"a":0,"k":[0.249019503126,0.097383835736,0.162876069312,1],"ix":4},"o":{"a":0,"k":100,"ix":5},"r":1,"bm":0,"nm":"Fill 1","mn":"ADBE Vector Graphic - Fill","hd":false},{"ty":"tr","p":{"a":0,"k":[131.207,79.268],"ix":2},"a":{"a":0,"k":[0,0],"ix":1},"s":{"a":0,"k":[100,100],"ix":3},"r":{"a":0,"k":0,"ix":6},"o":{"a":0,"k":100,"ix":7},"sk":{"a":0,"k":0,"ix":4},"sa":{"a":0,"k":0,"ix":5},"nm":"Transform"}],"nm":"Group 4","np":2,"cix":2,"bm":0,"ix":4,"mn":"ADBE Vector Group","hd":false},{"ty":"gr","it":[{"ind":0,"ty":"sh","ix":1,"ks":{"a":0,"k":{"i":[[0,0],[-0.906,-0.218]],"o":[[0,0],[-0.684,-0.568]],"v":[[-0.708,-0.039],[0.708,0.284]],"c":true},"ix":2},"nm":"Path 1","mn":"ADBE Vector Shape - Group","hd":false},{"ty":"fl","c":{"a":0,"k":[0.249019503126,0.097383835736,0.162876069312,1],"ix":4},"o":{"a":0,"k":100,"ix":5},"r":1,"bm":0,"nm":"Fill 1","mn":"ADBE Vector Graphic - Fill","hd":false},{"ty":"tr","p":{"a":0,"k":[76.646,65.74],"ix":2},"a":{"a":0,"k":[0,0],"ix":1},"s":{"a":0,"k":[100,100],"ix":3},"r":{"a":0,"k":0,"ix":6},"o":{"a":0,"k":100,"ix":7},"sk":{"a":0,"k":0,"ix":4},"sa":{"a":0,"k":0,"ix":5},"nm":"Transform"}],"nm":"Group 5","np":2,"cix":2,"bm":0,"ix":5,"mn":"ADBE Vector Group","hd":false},{"ty":"gr","it":[{"ind":0,"ty":"sh","ix":1,"ks":{"a":0,"k":{"i":[[-0.139,1.736],[1.736,0.139],[0.14,-1.736],[-1.736,-0.139]],"o":[[0.139,-1.736],[-1.735,-0.139],[-0.139,1.736],[1.736,0.139]],"v":[[3.143,0.252],[0.252,-3.143],[-3.143,-0.252],[-0.252,3.143]],"c":true},"ix":2},"nm":"Path 1","mn":"ADBE Vector Shape - Group","hd":false},{"ty":"fl","c":{"a":0,"k":[1,0.999998743394,1,1],"ix":4},"o":{"a":0,"k":100,"ix":5},"r":1,"bm":0,"nm":"Fill 1","mn":"ADBE Vector Graphic - Fill","hd":false},{"ty":"tr","p":{"a":0,"k":[155.46,161.242],"ix":2},"a":{"a":0,"k":[0,0],"ix":1},"s":{"a":0,"k":[100,100],"ix":3},"r":{"a":0,"k":0,"ix":6},"o":{"a":0,"k":100,"ix":7},"sk":{"a":0,"k":0,"ix":4},"sa":{"a":0,"k":0,"ix":5},"nm":"Transform"}],"nm":"Group 6","np":2,"cix":2,"bm":0,"ix":6,"mn":"ADBE Vector Group","hd":false},{"ty":"gr","it":[{"ind":0,"ty":"sh","ix":1,"ks":{"a":0,"k":{"i":[[-0.52,6.477],[6.478,0.519],[0.52,-6.477],[-6.478,-0.519]],"o":[[0.52,-6.477],[-6.477,-0.52],[-0.519,6.478],[6.477,0.52]],"v":[[11.728,0.941],[0.94,-11.728],[-11.729,-0.941],[-0.941,11.728]],"c":true},"ix":2},"nm":"Path 1","mn":"ADBE Vector Shape - Group","hd":false},{"ty":"fl","c":{"a":0,"k":[0.249019503126,0.097383835736,0.162876069312,1],"ix":4},"o":{"a":0,"k":100,"ix":5},"r":1,"bm":0,"nm":"Fill 1","mn":"ADBE Vector Graphic - Fill","hd":false},{"ty":"tr","p":{"a":0,"k":[162.13,165.074],"ix":2},"a":{"a":0,"k":[0,0],"ix":1},"s":{"a":0,"k":[100,100],"ix":3},"r":{"a":0,"k":0,"ix":6},"o":{"a":0,"k":100,"ix":7},"sk":{"a":0,"k":0,"ix":4},"sa":{"a":0,"k":0,"ix":5},"nm":"Transform"}],"nm":"Group 7","np":2,"cix":2,"bm":0,"ix":7,"mn":"ADBE Vector Group","hd":false},{"ty":"gr","it":[{"ind":0,"ty":"sh","ix":1,"ks":{"a":0,"k":{"i":[[-0.696,8.674],[8.674,0.695],[0.696,-8.674],[-8.674,-0.696]],"o":[[0.696,-8.674],[-8.673,-0.696],[-0.696,8.674],[8.673,0.696]],"v":[[18.339,0.671],[0.833,-15.705],[-18.339,0.164],[-1.686,15.705]],"c":true},"ix":2},"nm":"Path 1","mn":"ADBE Vector Shape - Group","hd":false},{"ty":"fl","c":{"a":0,"k":[1,0.999998743394,1,1],"ix":4},"o":{"a":0,"k":100,"ix":5},"r":1,"bm":0,"nm":"Fill 1","mn":"ADBE Vector Graphic - Fill","hd":false},{"ty":"tr","p":{"a":0,"k":[159.465,168.341],"ix":2},"a":{"a":0,"k":[0,0],"ix":1},"s":{"a":0,"k":[100,100],"ix":3},"r":{"a":0,"k":0,"ix":6},"o":{"a":0,"k":100,"ix":7},"sk":{"a":0,"k":0,"ix":4},"sa":{"a":0,"k":0,"ix":5},"nm":"Transform"}],"nm":"Group 8","np":2,"cix":2,"bm":0,"ix":8,"mn":"ADBE Vector Group","hd":false},{"ty":"gr","it":[{"ind":0,"ty":"sh","ix":1,"ks":{"a":0,"k":{"i":[[-0.696,8.674],[8.674,0.695],[0.696,-8.674],[-8.673,-0.696]],"o":[[0.696,-8.674],[-8.673,-0.696],[-0.696,8.674],[8.674,0.696]],"v":[[18.339,0.671],[0.833,-15.705],[-18.339,0.164],[-1.687,15.705]],"c":true},"ix":2},"nm":"Path 1","mn":"ADBE Vector Shape - Group","hd":false},{"ty":"fl","c":{"a":0,"k":[0.249019503126,0.097383835736,0.162876069312,1],"ix":4},"o":{"a":0,"k":100,"ix":5},"r":1,"bm":0,"nm":"Fill 1","mn":"ADBE Vector Graphic - Fill","hd":false},{"ty":"tr","p":{"a":0,"k":[159.599,166.665],"ix":2},"a":{"a":0,"k":[0,0],"ix":1},"s":{"a":0,"k":[100,100],"ix":3},"r":{"a":0,"k":0,"ix":6},"o":{"a":0,"k":100,"ix":7},"sk":{"a":0,"k":0,"ix":4},"sa":{"a":0,"k":0,"ix":5},"nm":"Transform"}],"nm":"Group 9","np":2,"cix":2,"bm":0,"ix":9,"mn":"ADBE Vector Group","hd":false},{"ty":"gr","it":[{"ind":0,"ty":"sh","ix":1,"ks":{"a":0,"k":{"i":[[-0.139,1.736],[1.736,0.139],[0.14,-1.736],[-1.736,-0.14]],"o":[[0.139,-1.736],[-1.735,-0.139],[-0.139,1.735],[1.736,0.139]],"v":[[3.143,0.252],[0.252,-3.143],[-3.143,-0.252],[-0.252,3.143]],"c":true},"ix":2},"nm":"Path 1","mn":"ADBE Vector Shape - Group","hd":false},{"ty":"fl","c":{"a":0,"k":[1,0.999998743394,1,1],"ix":4},"o":{"a":0,"k":100,"ix":5},"r":1,"bm":0,"nm":"Fill 1","mn":"ADBE Vector Graphic - Fill","hd":false},{"ty":"tr","p":{"a":0,"k":[77.937,155.023],"ix":2},"a":{"a":0,"k":[0,0],"ix":1},"s":{"a":0,"k":[100,100],"ix":3},"r":{"a":0,"k":0,"ix":6},"o":{"a":0,"k":100,"ix":7},"sk":{"a":0,"k":0,"ix":4},"sa":{"a":0,"k":0,"ix":5},"nm":"Transform"}],"nm":"Group 10","np":2,"cix":2,"bm":0,"ix":10,"mn":"ADBE Vector Group","hd":false},{"ty":"gr","it":[{"ind":0,"ty":"sh","ix":1,"ks":{"a":0,"k":{"i":[[-0.52,6.478],[6.478,0.519],[0.52,-6.477],[-6.478,-0.52]],"o":[[0.52,-6.477],[-6.477,-0.52],[-0.52,6.478],[6.477,0.519]],"v":[[11.729,0.941],[0.941,-11.728],[-11.728,-0.941],[-0.94,11.729]],"c":true},"ix":2},"nm":"Path 1","mn":"ADBE Vector Shape - Group","hd":false},{"ty":"fl","c":{"a":0,"k":[0.249019503126,0.097383835736,0.162876069312,1],"ix":4},"o":{"a":0,"k":100,"ix":5},"r":1,"bm":0,"nm":"Fill 1","mn":"ADBE Vector Graphic - Fill","hd":false},{"ty":"tr","p":{"a":0,"k":[84.809,158.872],"ix":2},"a":{"a":0,"k":[0,0],"ix":1},"s":{"a":0,"k":[100,100],"ix":3},"r":{"a":0,"k":0,"ix":6},"o":{"a":0,"k":100,"ix":7},"sk":{"a":0,"k":0,"ix":4},"sa":{"a":0,"k":0,"ix":5},"nm":"Transform"}],"nm":"Group 11","np":2,"cix":2,"bm":0,"ix":11,"mn":"ADBE Vector Group","hd":false},{"ty":"gr","it":[{"ind":0,"ty":"sh","ix":1,"ks":{"a":0,"k":{"i":[[-0.696,8.674],[8.673,0.696],[0.696,-8.673],[-8.674,-0.696]],"o":[[0.696,-8.674],[-8.674,-0.696],[-0.696,8.674],[8.674,0.696]],"v":[[18.145,3.018],[1.748,-15.705],[-18.145,-2.329],[-0.772,15.705]],"c":true},"ix":2},"nm":"Path 1","mn":"ADBE Vector Shape - Group","hd":false},{"ty":"fl","c":{"a":0,"k":[1,0.999998743394,1,1],"ix":4},"o":{"a":0,"k":100,"ix":5},"r":1,"bm":0,"nm":"Fill 1","mn":"ADBE Vector Graphic - Fill","hd":false},{"ty":"tr","p":{"a":0,"k":[83.251,162.3],"ix":2},"a":{"a":0,"k":[0,0],"ix":1},"s":{"a":0,"k":[100,100],"ix":3},"r":{"a":0,"k":0,"ix":6},"o":{"a":0,"k":100,"ix":7},"sk":{"a":0,"k":0,"ix":4},"sa":{"a":0,"k":0,"ix":5},"nm":"Transform"}],"nm":"Group 12","np":2,"cix":2,"bm":0,"ix":12,"mn":"ADBE Vector Group","hd":false},{"ty":"gr","it":[{"ind":0,"ty":"sh","ix":1,"ks":{"a":0,"k":{"i":[[-0.696,8.674],[8.673,0.696],[0.696,-8.673],[-8.674,-0.696]],"o":[[0.696,-8.674],[-8.674,-0.696],[-0.696,8.674],[8.674,0.696]],"v":[[18.145,3.018],[1.748,-15.705],[-18.145,-2.329],[-0.772,15.705]],"c":true},"ix":2},"nm":"Path 1","mn":"ADBE Vector Shape - Group","hd":false},{"ty":"fl","c":{"a":0,"k":[0.249019503126,0.097383835736,0.162876069312,1],"ix":4},"o":{"a":0,"k":100,"ix":5},"r":1,"bm":0,"nm":"Fill 1","mn":"ADBE Vector Graphic - Fill","hd":false},{"ty":"tr","p":{"a":0,"k":[83.386,160.624],"ix":2},"a":{"a":0,"k":[0,0],"ix":1},"s":{"a":0,"k":[100,100],"ix":3},"r":{"a":0,"k":0,"ix":6},"o":{"a":0,"k":100,"ix":7},"sk":{"a":0,"k":0,"ix":4},"sa":{"a":0,"k":0,"ix":5},"nm":"Transform"}],"nm":"Group 13","np":2,"cix":2,"bm":0,"ix":13,"mn":"ADBE Vector Group","hd":false},{"ty":"gr","it":[{"ind":0,"ty":"sh","ix":1,"ks":{"a":0,"k":{"i":[[-2.049,-0.928],[-3.051,-0.981],[-10.991,1.672],[-1.759,0.478],[-2.222,0.355],[0,0],[23.131,9.816],[7.14,0.408],[2.115,0.045],[2.191,0.226],[6.945,-1.708],[6.125,-91.198],[-68.629,-22.646]],"o":[[1.66,0.752],[10.584,3.402],[3.169,-0.482],[2.171,-0.59],[71.361,-11.416],[8.492,-91.007],[-6.583,-2.794],[-2.2,-0.125],[-2.096,-0.293],[-7.114,-0.736],[-24.399,6.003],[0,0],[2.136,0.705]],"v":[[-31.49,101.821],[-24.386,104.534],[8.458,107.169],[15.904,105.623],[22.487,104.188],[97.896,29.805],[36.375,-102.333],[15.596,-107.073],[9.137,-107.313],[2.722,-108.104],[-18.548,-106.739],[-100.347,13.903],[-37.759,99.354]],"c":true},"ix":2},"nm":"Path 1","mn":"ADBE Vector Shape - Group","hd":false},{"ty":"fl","c":{"a":0,"k":[0.985262582816,0.765649653416,0.560134229473,1],"ix":4},"o":{"a":0,"k":100,"ix":5},"r":1,"bm":0,"nm":"Fill 1","mn":"ADBE Vector Graphic - Fill","hd":false},{"ty":"tr","p":{"a":0,"k":[125.34,142.573],"ix":2},"a":{"a":0,"k":[0,0],"ix":1},"s":{"a":0,"k":[100,100],"ix":3},"r":{"a":0,"k":0,"ix":6},"o":{"a":0,"k":100,"ix":7},"sk":{"a":0,"k":0,"ix":4},"sa":{"a":0,"k":0,"ix":5},"nm":"Transform"}],"nm":"Group 14","np":2,"cix":2,"bm":0,"ix":14,"mn":"ADBE Vector Group","hd":false},{"ty":"gr","it":[{"ind":0,"ty":"sh","ix":1,"ks":{"a":0,"k":{"i":[[-10.521,0],[-2.647,1.502],[-0.548,2.083],[0,0],[4.76,0.663],[0,0],[0.731,-4.268],[0,0],[-0.695,-1.456]],"o":[[7.778,0],[1.873,-1.063],[0,0],[1.223,-4.647],[0,0],[-4.289,-0.597],[0,0],[-0.273,1.59],[1.744,3.653]],"v":[[-2.145,14.397],[12.909,11.32],[16.678,6.397],[18.587,-0.857],[11.939,-10.839],[-9.324,-13.8],[-18.332,-7.214],[-19.537,-0.184],[-18.93,4.502]],"c":true},"ix":2},"nm":"Path 1","mn":"ADBE Vector Shape - Group","hd":false},{"ty":"fl","c":{"a":0,"k":[0.95471981273,0.722649308747,0.52315159218,1],"ix":4},"o":{"a":0,"k":100,"ix":5},"r":1,"bm":0,"nm":"Fill 1","mn":"ADBE Vector Graphic - Fill","hd":false},{"ty":"tr","p":{"a":0,"k":[111.42,244.397],"ix":2},"a":{"a":0,"k":[0,0],"ix":1},"s":{"a":0,"k":[100,100],"ix":3},"r":{"a":0,"k":0,"ix":6},"o":{"a":0,"k":100,"ix":7},"sk":{"a":0,"k":0,"ix":4},"sa":{"a":0,"k":0,"ix":5},"nm":"Transform"}],"nm":"Group 15","np":2,"cix":2,"bm":0,"ix":15,"mn":"ADBE Vector Group","hd":false},{"ty":"gr","it":[{"ind":0,"ty":"sh","ix":1,"ks":{"a":0,"k":{"i":[[-10.529,4.625],[8.133,15.499],[0,0],[0,0]],"o":[[10.529,-4.625],[-8.133,-15.498],[0,0],[0,0]],"v":[[-2.968,23.727],[8.561,-12.854],[-14.389,-9.225],[-16.694,19.5]],"c":true},"ix":2},"nm":"Path 1","mn":"ADBE Vector Shape - Group","hd":false},{"ty":"fl","c":{"a":0,"k":[0.985262582816,0.765649653416,0.560134229473,1],"ix":4},"o":{"a":0,"k":100,"ix":5},"r":1,"bm":0,"nm":"Fill 1","mn":"ADBE Vector Graphic - Fill","hd":false},{"ty":"tr","p":{"a":0,"k":[234.026,154.745],"ix":2},"a":{"a":0,"k":[0,0],"ix":1},"s":{"a":0,"k":[100,100],"ix":3},"r":{"a":0,"k":0,"ix":6},"o":{"a":0,"k":100,"ix":7},"sk":{"a":0,"k":0,"ix":4},"sa":{"a":0,"k":0,"ix":5},"nm":"Transform"}],"nm":"Group 16","np":2,"cix":2,"bm":0,"ix":16,"mn":"ADBE Vector Group","hd":false},{"ty":"gr","it":[{"ind":0,"ty":"sh","ix":1,"ks":{"a":0,"k":{"i":[[0,0],[0,0],[10.5,-14.003],[-9.657,-6.244]],"o":[[0,0],[0,0],[-10.5,14.004],[9.657,6.245]],"v":[[13.985,20.87],[16.29,-7.855],[-5.79,-15.096],[-0.24,22.854]],"c":true},"ix":2},"nm":"Path 1","mn":"ADBE Vector Shape - Group","hd":false},{"ty":"fl","c":{"a":0,"k":[0.985262582816,0.765649653416,0.560134229473,1],"ix":4},"o":{"a":0,"k":100,"ix":5},"r":1,"bm":0,"nm":"Fill 1","mn":"ADBE Vector Graphic - Fill","hd":false},{"ty":"tr","p":{"a":0,"k":[16.539,138.389],"ix":2},"a":{"a":0,"k":[0,0],"ix":1},"s":{"a":0,"k":[100,100],"ix":3},"r":{"a":0,"k":0,"ix":6},"o":{"a":0,"k":100,"ix":7},"sk":{"a":0,"k":0,"ix":4},"sa":{"a":0,"k":0,"ix":5},"nm":"Transform"}],"nm":"Group 17","np":2,"cix":2,"bm":0,"ix":17,"mn":"ADBE Vector Group","hd":false}],"ip":0,"op":900.000036657751,"st":0,"bm":0},{"ddd":0,"ind":6,"ty":4,"nm":"Layer 3 Outlines","parent":1,"sr":1,"ks":{"o":{"a":0,"k":100,"ix":11},"r":{"a":1,"k":[{"i":{"x":[0.667],"y":[1]},"o":{"x":[0.333],"y":[0]},"t":0,"s":[-15]},{"i":{"x":[0.667],"y":[1]},"o":{"x":[0.333],"y":[0]},"t":30,"s":[12]},{"t":60.0000024438501,"s":[-15]}],"ix":10},"p":{"a":0,"k":[116.999,-20.202,0],"ix":2,"l":2},"a":{"a":0,"k":[121.098,95.187,0],"ix":1,"l":2},"s":{"a":0,"k":[100,100,100],"ix":6,"l":2}},"ao":0,"shapes":[{"ty":"gr","it":[{"ind":0,"ty":"sh","ix":1,"ks":{"a":0,"k":{"i":[[-17.998,-14.292],[0,0],[0,0],[16.939,3.176],[18.527,9.528],[0,0],[0,0]],"o":[[17.998,14.293],[0,0],[0,0],[0,0],[-18.527,-9.528],[0,0],[0,0]],"v":[[-26.467,17.623],[29.963,36.371],[50.839,13.684],[35.466,4.389],[-3.706,-0.904],[-38.114,-36.371],[-52.406,-23.666]],"c":true},"ix":2},"nm":"Path 1","mn":"ADBE Vector Shape - Group","hd":false},{"ty":"fl","c":{"a":0,"k":[0.345754974964,0.44660432105,0.718093812232,1],"ix":4},"o":{"a":0,"k":100,"ix":5},"r":1,"bm":0,"nm":"Fill 1","mn":"ADBE Vector Graphic - Fill","hd":false},{"ty":"tr","p":{"a":0,"k":[77.54,67.753],"ix":2},"a":{"a":0,"k":[0,0],"ix":1},"s":{"a":0,"k":[100,100],"ix":3},"r":{"a":0,"k":0,"ix":6},"o":{"a":0,"k":100,"ix":7},"sk":{"a":0,"k":0,"ix":4},"sa":{"a":0,"k":0,"ix":5},"nm":"Transform"}],"nm":"Group 1","np":2,"cix":2,"bm":0,"ix":1,"mn":"ADBE Vector Group","hd":false},{"ty":"gr","it":[{"ind":0,"ty":"sh","ix":1,"ks":{"a":0,"k":{"i":[[-0.237,-5.691],[-0.237,-0.949],[-6.64,-0.475],[0,0],[6.403,-1.185],[0,0],[3.557,-3.794],[0.948,0],[0.474,-5.929],[0,0]],"o":[[0.237,5.691],[0.237,0.948],[6.639,0.474],[0,0],[-6.402,1.186],[0,0],[-3.557,3.794],[-0.949,0],[-0.474,5.928],[0,0]],"v":[[-21.46,-0.237],[-10.315,10.434],[6.996,21.105],[16.718,11.857],[15.294,-13.991],[8.893,-2.134],[-5.335,-17.785],[-1.779,-3.557],[-17.667,-11.619],[-11.501,1.423]],"c":true},"ix":2},"nm":"Path 1","mn":"ADBE Vector Shape - Group","hd":false},{"ty":"fl","c":{"a":0,"k":[0.985262582816,0.765649653416,0.560134229473,1],"ix":4},"o":{"a":0,"k":100,"ix":5},"r":1,"bm":0,"nm":"Fill 1","mn":"ADBE Vector Graphic - Fill","hd":false},{"ty":"tr","p":{"a":0,"k":[21.947,21.829],"ix":2},"a":{"a":0,"k":[0,0],"ix":1},"s":{"a":0,"k":[100,100],"ix":3},"r":{"a":0,"k":0,"ix":6},"o":{"a":0,"k":100,"ix":7},"sk":{"a":0,"k":0,"ix":4},"sa":{"a":0,"k":0,"ix":5},"nm":"Transform"}],"nm":"Group 2","np":2,"cix":2,"bm":0,"ix":2,"mn":"ADBE Vector Group","hd":false}],"ip":0,"op":900.000036657751,"st":0,"bm":0},{"ddd":0,"ind":7,"ty":4,"nm":"Layer 1 Outlines","parent":1,"sr":1,"ks":{"o":{"a":0,"k":100,"ix":11},"r":{"a":0,"k":0,"ix":10},"p":{"a":0,"k":[168.449,116.22,0],"ix":2,"l":2},"a":{"a":0,"k":[129.26,158.849,0],"ix":1,"l":2},"s":{"a":0,"k":[100,100,100],"ix":6,"l":2}},"ao":0,"shapes":[{"ty":"gr","it":[{"ind":0,"ty":"sh","ix":1,"ks":{"a":0,"k":{"i":[[-0.819,0.135],[-0.23,0.345],[0.265,0.397],[7.004,-1.087],[-0.336,-0.996],[0,0]],"o":[[6.096,-1.008],[0.264,-0.396],[-0.224,-0.336],[-1.039,0.161],[0,0],[0.265,0.786]],"v":[[-12.945,7.381],[17.215,2.066],[14.573,-7.18],[-15.8,-2.866],[-17.143,-0.651],[-14.812,6.25]],"c":true},"ix":2},"nm":"Path 1","mn":"ADBE Vector Shape - Group","hd":false},{"ty":"fl","c":{"a":0,"k":[0.333909217984,0.507607433843,0.637714939491,1],"ix":4},"o":{"a":0,"k":100,"ix":5},"r":1,"bm":0,"nm":"Fill 1","mn":"ADBE Vector Graphic - Fill","hd":false},{"ty":"tr","p":{"a":0,"k":[171.95,246.927],"ix":2},"a":{"a":0,"k":[0,0],"ix":1},"s":{"a":0,"k":[100,100],"ix":3},"r":{"a":0,"k":0,"ix":6},"o":{"a":0,"k":100,"ix":7},"sk":{"a":0,"k":0,"ix":4},"sa":{"a":0,"k":0,"ix":5},"nm":"Transform"}],"nm":"Group 1","np":2,"cix":2,"bm":0,"ix":1,"mn":"ADBE Vector Group","hd":false},{"ty":"gr","it":[{"ind":0,"ty":"sh","ix":1,"ks":{"a":0,"k":{"i":[[-0.847,-0.028],[-1.474,0.454],[0.14,2.842],[0.936,0.024],[5.876,0.147],[-0.189,-1.108],[0,0]],"o":[[5.571,0.184],[1.273,-0.391],[-0.046,-0.936],[-5.2,-0.135],[-1.124,-0.028],[0,0],[0.143,0.835]],"v":[[-12.48,5.027],[14.332,5.374],[15.359,-3.404],[13.623,-5.102],[-13.625,-5.8],[-15.417,-3.715],[-14.178,3.545]],"c":true},"ix":2},"nm":"Path 1","mn":"ADBE Vector Shape - Group","hd":false},{"ty":"fl","c":{"a":0,"k":[0.333909217984,0.507607433843,0.637714939491,1],"ix":4},"o":{"a":0,"k":100,"ix":5},"r":1,"bm":0,"nm":"Fill 1","mn":"ADBE Vector Graphic - Fill","hd":false},{"ty":"tr","p":{"a":0,"k":[74.32,246.392],"ix":2},"a":{"a":0,"k":[0,0],"ix":1},"s":{"a":0,"k":[100,100],"ix":3},"r":{"a":0,"k":0,"ix":6},"o":{"a":0,"k":100,"ix":7},"sk":{"a":0,"k":0,"ix":4},"sa":{"a":0,"k":0,"ix":5},"nm":"Transform"}],"nm":"Group 2","np":2,"cix":2,"bm":0,"ix":2,"mn":"ADBE Vector Group","hd":false},{"ty":"gr","it":[{"ind":0,"ty":"sh","ix":1,"ks":{"a":0,"k":{"i":[[5.993,-2.766],[5.301,1.613],[8.297,-0.23],[0,0],[-2.074,-1.614],[-3.918,-0.231],[-11.063,-2.535],[-2.075,2.075],[0,2.535],[0,0]],"o":[[-5.993,2.766],[-5.301,-1.614],[-8.298,0.231],[-0.692,2.074],[2.074,1.613],[3.918,0.23],[11.063,2.535],[2.074,-2.074],[0,-2.536],[0,0]],"v":[[23.098,-1.908],[1.893,-2.138],[-16.315,-5.135],[-30.011,-8.977],[-27.609,0.858],[-11.014,2.702],[4.659,6.62],[27.708,3.854],[30.703,-3.982],[27.93,-9.155]],"c":true},"ix":2},"nm":"Path 1","mn":"ADBE Vector Shape - Group","hd":false},{"ty":"fl","c":{"a":0,"k":[0.938147451363,0.927687102673,0.556130682253,1],"ix":4},"o":{"a":0,"k":100,"ix":5},"r":1,"bm":0,"nm":"Fill 1","mn":"ADBE Vector Graphic - Fill","hd":false},{"ty":"tr","p":{"a":0,"k":[191.198,287.354],"ix":2},"a":{"a":0,"k":[0,0],"ix":1},"s":{"a":0,"k":[100,100],"ix":3},"r":{"a":0,"k":0,"ix":6},"o":{"a":0,"k":100,"ix":7},"sk":{"a":0,"k":0,"ix":4},"sa":{"a":0,"k":0,"ix":5},"nm":"Transform"}],"nm":"Group 3","np":2,"cix":2,"bm":0,"ix":3,"mn":"ADBE Vector Group","hd":false},{"ty":"gr","it":[{"ind":0,"ty":"sh","ix":1,"ks":{"a":0,"k":{"i":[[-3.403,-3.603],[-3.804,-0.201],[-6.406,-2.001],[-6.406,2.001],[4.779,4.596],[7.607,4.404],[0.579,1.667],[0.58,-0.036],[3.211,-1.675],[3.803,1.601],[1.028,0.037],[-0.092,-0.772],[0.275,-1.65]],"o":[[3.403,3.603],[3.803,0.2],[6.406,2.002],[6.406,-2.002],[-5.205,-5.004],[-5.713,-3.307],[-0.191,-0.548],[-1.532,0.095],[-4.604,2.403],[-1.972,-0.831],[-0.777,-0.028],[0.209,1.759],[-0.401,2.402]],"v":[[-28.213,10.517],[-13.199,13.52],[0.213,16.522],[20.632,17.524],[27.238,3.31],[6.419,-9.902],[-1.747,-18.635],[-3.039,-19.488],[-10.797,-17.309],[-26.011,-16.107],[-30.552,-17.213],[-31.842,-15.776],[-31.616,-9.301]],"c":true},"ix":2},"nm":"Path 1","mn":"ADBE Vector Shape - Group","hd":false},{"ty":"fl","c":{"a":0,"k":[0.823343733245,0.168721442129,0.117571722292,1],"ix":4},"o":{"a":0,"k":100,"ix":5},"r":1,"bm":0,"nm":"Fill 1","mn":"ADBE Vector Graphic - Fill","hd":false},{"ty":"tr","p":{"a":0,"k":[192.097,275.21],"ix":2},"a":{"a":0,"k":[0,0],"ix":1},"s":{"a":0,"k":[100,100],"ix":3},"r":{"a":0,"k":0,"ix":6},"o":{"a":0,"k":100,"ix":7},"sk":{"a":0,"k":0,"ix":4},"sa":{"a":0,"k":0,"ix":5},"nm":"Transform"}],"nm":"Group 4","np":2,"cix":2,"bm":0,"ix":4,"mn":"ADBE Vector Group","hd":false},{"ty":"gr","it":[{"ind":0,"ty":"sh","ix":1,"ks":{"a":0,"k":{"i":[[-0.372,-2.794],[-6.332,-0.559],[-4.283,2.421],[-4.656,2.235],[0,0],[0,1.863],[0,0],[4.842,-1.304],[4.283,-2.048],[7.636,1.863],[0,0]],"o":[[0.372,2.794],[6.331,0.558],[4.284,-2.421],[4.655,-2.234],[0,0],[0,-1.862],[0,0],[-4.842,1.304],[-4.284,2.049],[-7.635,-1.862],[-2.607,1.49]],"v":[[-27.935,7.052],[-17.878,13.013],[6.704,9.474],[16.575,4.258],[27.749,-4.122],[28.307,-8.591],[27.452,-13.57],[18.437,-4.867],[4.656,1.651],[-19.741,4.818],[-24.769,-1.701]],"c":true},"ix":2},"nm":"Path 1","mn":"ADBE Vector Shape - Group","hd":false},{"ty":"fl","c":{"a":0,"k":[0.938147451363,0.927687102673,0.556130682253,1],"ix":4},"o":{"a":0,"k":100,"ix":5},"r":1,"bm":0,"nm":"Fill 1","mn":"ADBE Vector Graphic - Fill","hd":false},{"ty":"tr","p":{"a":0,"k":[66.283,285.274],"ix":2},"a":{"a":0,"k":[0,0],"ix":1},"s":{"a":0,"k":[100,100],"ix":3},"r":{"a":0,"k":0,"ix":6},"o":{"a":0,"k":100,"ix":7},"sk":{"a":0,"k":0,"ix":4},"sa":{"a":0,"k":0,"ix":5},"nm":"Transform"}],"nm":"Group 5","np":2,"cix":2,"bm":0,"ix":5,"mn":"ADBE Vector Group","hd":false},{"ty":"gr","it":[{"ind":0,"ty":"sh","ix":1,"ks":{"a":0,"k":{"i":[[-11.281,1.17],[-6.768,1.171],[0,0],[0.752,5.46],[0.376,1.17],[1.128,-1.56],[7.144,1.95],[1.396,-0.572],[0.323,-1.003],[6.339,-4.07],[-0.04,-3.972]],"o":[[11.281,-1.17],[6.769,-1.17],[0,0],[-0.752,-5.461],[-0.376,-1.17],[-1.128,1.56],[-3.778,-1.031],[-0.976,0.399],[-0.856,2.658],[-7.896,5.071],[0.082,8.067]],"v":[[-2.8,18.908],[14.497,11.497],[26.53,2.918],[26.53,-7.223],[24.274,-18.535],[20.89,-16.194],[5.473,-19.314],[-2.074,-19.41],[-4.093,-17.189],[-14.081,-3.324],[-27.242,12.279]],"c":true},"ix":2},"nm":"Path 1","mn":"ADBE Vector Shape - Group","hd":false},{"ty":"fl","c":{"a":0,"k":[0.823343733245,0.168721442129,0.117571722292,1],"ix":4},"o":{"a":0,"k":100,"ix":5},"r":1,"bm":0,"nm":"Fill 1","mn":"ADBE Vector Graphic - Fill","hd":false},{"ty":"tr","p":{"a":0,"k":[66.946,276.17],"ix":2},"a":{"a":0,"k":[0,0],"ix":1},"s":{"a":0,"k":[100,100],"ix":3},"r":{"a":0,"k":0,"ix":6},"o":{"a":0,"k":100,"ix":7},"sk":{"a":0,"k":0,"ix":4},"sa":{"a":0,"k":0,"ix":5},"nm":"Transform"}],"nm":"Group 6","np":2,"cix":2,"bm":0,"ix":6,"mn":"ADBE Vector Group","hd":false},{"ty":"gr","it":[{"ind":0,"ty":"sh","ix":1,"ks":{"a":0,"k":{"i":[[0,0],[3.343,17.831],[7.243,2.786],[0,0],[-4.458,-11.702],[-4.458,-8.916],[0,0]],"o":[[0,0],[-3.343,-17.832],[-7.244,-2.786],[0,0],[0,0],[4.458,8.915],[0,0]],"v":[[19.111,42.349],[34.155,6.13],[-17.109,-39.563],[-37.499,-31.032],[-21.01,-7.801],[6.851,6.687],[1.279,35.662]],"c":true},"ix":2},"nm":"Path 1","mn":"ADBE Vector Shape - Group","hd":false},{"ty":"fl","c":{"a":0,"k":[0.345754974964,0.44660432105,0.718093812232,1],"ix":4},"o":{"a":0,"k":100,"ix":5},"r":1,"bm":0,"nm":"Fill 1","mn":"ADBE Vector Graphic - Fill","hd":false},{"ty":"tr","p":{"a":0,"k":[168.808,47.523],"ix":2},"a":{"a":0,"k":[0,0],"ix":1},"s":{"a":0,"k":[100,100],"ix":3},"r":{"a":0,"k":0,"ix":6},"o":{"a":0,"k":100,"ix":7},"sk":{"a":0,"k":0,"ix":4},"sa":{"a":0,"k":0,"ix":5},"nm":"Transform"}],"nm":"Group 7","np":2,"cix":2,"bm":0,"ix":7,"mn":"ADBE Vector Group","hd":false},{"ty":"gr","it":[{"ind":0,"ty":"sh","ix":1,"ks":{"a":0,"k":{"i":[[-0.695,1.998],[0.095,0.38],[0,0],[2.469,-3.797],[-2.658,-0.19],[-0.363,0.509],[0,0],[0.035,-0.049],[-3.615,-3.704],[-2.563,1.519],[0.759,0.665],[0.887,-0.023],[0,0],[-1.219,0.032]],"o":[[1.519,-4.367],[-0.095,-0.38],[0,0],[-2.468,3.798],[2.426,0.173],[0.035,-0.051],[0,0],[-0.459,0.659],[3.892,3.987],[2.563,-1.519],[-0.32,-0.279],[-1.316,0.467],[0,0],[1.11,-0.394]],"v":[[11.297,2.421],[11.772,-7.452],[-0.285,-12.199],[-10.348,-4.035],[-9.588,2.136],[-4.616,-1.103],[-4.557,-1.186],[-4.616,-1.103],[-4.557,8.022],[7.5,10.68],[10.348,6.028],[8.281,5.712],[5.791,5.934],[8.281,5.712]],"c":true},"ix":2},"nm":"Path 1","mn":"ADBE Vector Shape - Group","hd":false},{"ty":"fl","c":{"a":0,"k":[0.985262582816,0.765649653416,0.560134229473,1],"ix":4},"o":{"a":0,"k":100,"ix":5},"r":1,"bm":0,"nm":"Fill 1","mn":"ADBE Vector Graphic - Fill","hd":false},{"ty":"tr","p":{"a":0,"k":[173.296,94.425],"ix":2},"a":{"a":0,"k":[0,0],"ix":1},"s":{"a":0,"k":[100,100],"ix":3},"r":{"a":0,"k":0,"ix":6},"o":{"a":0,"k":100,"ix":7},"sk":{"a":0,"k":0,"ix":4},"sa":{"a":0,"k":0,"ix":5},"nm":"Transform"}],"nm":"Group 8","np":2,"cix":2,"bm":0,"ix":8,"mn":"ADBE Vector Group","hd":false},{"ty":"gr","it":[{"ind":0,"ty":"sh","ix":1,"ks":{"a":0,"k":{"i":[[-1.316,0.467],[0,0]],"o":[[-1.219,0.032],[0,0]],"v":[[1.245,-0.234],[-1.245,-0.011]],"c":true},"ix":2},"nm":"Path 1","mn":"ADBE Vector Shape - Group","hd":false},{"ty":"fl","c":{"a":0,"k":[0.985262582816,0.765649653416,0.560134229473,1],"ix":4},"o":{"a":0,"k":100,"ix":5},"r":1,"bm":0,"nm":"Fill 1","mn":"ADBE Vector Graphic - Fill","hd":false},{"ty":"tr","p":{"a":0,"k":[180.332,100.371],"ix":2},"a":{"a":0,"k":[0,0],"ix":1},"s":{"a":0,"k":[100,100],"ix":3},"r":{"a":0,"k":0,"ix":6},"o":{"a":0,"k":100,"ix":7},"sk":{"a":0,"k":0,"ix":4},"sa":{"a":0,"k":0,"ix":5},"nm":"Transform"}],"nm":"Group 9","np":2,"cix":2,"bm":0,"ix":9,"mn":"ADBE Vector Group","hd":false},{"ty":"gr","it":[{"ind":0,"ty":"sh","ix":1,"ks":{"a":0,"k":{"i":[[0.035,-0.051],[0,0]],"o":[[0.035,-0.049],[0,0]],"v":[[-0.029,0.041],[0.029,-0.041]],"c":true},"ix":2},"nm":"Path 1","mn":"ADBE Vector Shape - Group","hd":false},{"ty":"fl","c":{"a":0,"k":[0.985262582816,0.765649653416,0.560134229473,1],"ix":4},"o":{"a":0,"k":100,"ix":5},"r":1,"bm":0,"nm":"Fill 1","mn":"ADBE Vector Graphic - Fill","hd":false},{"ty":"tr","p":{"a":0,"k":[168.71,93.281],"ix":2},"a":{"a":0,"k":[0,0],"ix":1},"s":{"a":0,"k":[100,100],"ix":3},"r":{"a":0,"k":0,"ix":6},"o":{"a":0,"k":100,"ix":7},"sk":{"a":0,"k":0,"ix":4},"sa":{"a":0,"k":0,"ix":5},"nm":"Transform"}],"nm":"Group 10","np":2,"cix":2,"bm":0,"ix":10,"mn":"ADBE Vector Group","hd":false},{"ty":"gr","it":[{"ind":0,"ty":"sh","ix":1,"ks":{"a":0,"k":{"i":[[14.294,-4.687],[-19.527,-0.477],[0,6.427],[0.804,20.083],[2.41,3.213],[8.814,0.845],[7.858,-16.838],[0,-12.314],[6.157,-6.157]],"o":[[14.437,4.677],[32.937,0.803],[0,-6.426],[-0.803,-20.083],[-1.469,-1.96],[3.551,6.995],[-9.578,20.524],[0,12.315],[-4.365,4.365]],"v":[[-48.169,58.403],[8.939,63.642],[48.169,46.229],[42.679,-19.905],[37.859,-60.875],[20.419,-64.445],[25.286,-19.643],[5.446,22.089],[6.131,49.454]],"c":true},"ix":2},"nm":"Path 1","mn":"ADBE Vector Shape - Group","hd":false},{"ty":"fl","c":{"a":0,"k":[0.824921731388,0.924959130381,0.945708570293,1],"ix":4},"o":{"a":0,"k":100,"ix":5},"r":1,"bm":0,"nm":"Fill 1","mn":"ADBE Vector Graphic - Fill","hd":false},{"ty":"tr","p":{"a":0,"k":[105.759,73.176],"ix":2},"a":{"a":0,"k":[0,0],"ix":1},"s":{"a":0,"k":[100,100],"ix":3},"r":{"a":0,"k":0,"ix":6},"o":{"a":0,"k":100,"ix":7},"sk":{"a":0,"k":0,"ix":4},"sa":{"a":0,"k":0,"ix":5},"nm":"Transform"}],"nm":"Group 11","np":2,"cix":2,"bm":0,"ix":11,"mn":"ADBE Vector Group","hd":false},{"ty":"gr","it":[{"ind":0,"ty":"sh","ix":1,"ks":{"a":0,"k":{"i":[[0,6.427],[0.803,20.083],[2.41,3.213],[15.264,2.41],[7.23,-4.017],[5.624,-22.493],[-32.937,-0.803]],"o":[[0,-6.427],[-0.803,-20.084],[-2.41,-3.214],[0,0],[-7.23,4.017],[-5.623,22.493],[32.937,0.804]],"v":[[57.698,50.469],[52.208,-15.665],[47.388,-56.634],[12.041,-62.258],[-21.699,-64.668],[-52.075,44.898],[18.468,67.882]],"c":true},"ix":2},"nm":"Path 1","mn":"ADBE Vector Shape - Group","hd":false},{"ty":"fl","c":{"a":0,"k":[0.939676800896,0.976635323319,0.986226818608,1],"ix":4},"o":{"a":0,"k":100,"ix":5},"r":1,"bm":0,"nm":"Fill 1","mn":"ADBE Vector Graphic - Fill","hd":false},{"ty":"tr","p":{"a":0,"k":[96.23,68.935],"ix":2},"a":{"a":0,"k":[0,0],"ix":1},"s":{"a":0,"k":[100,100],"ix":3},"r":{"a":0,"k":0,"ix":6},"o":{"a":0,"k":100,"ix":7},"sk":{"a":0,"k":0,"ix":4},"sa":{"a":0,"k":0,"ix":5},"nm":"Transform"}],"nm":"Group 12","np":2,"cix":2,"bm":0,"ix":12,"mn":"ADBE Vector Group","hd":false},{"ty":"gr","it":[{"ind":0,"ty":"sh","ix":1,"ks":{"a":0,"k":{"i":[[13.683,12.314],[6.842,3.421],[7.526,-15.735],[0,0],[-1.455,-1.632],[0,0],[-8.813,1.356],[-3.39,0],[0,0],[6.102,21.016],[0,0],[27.795,2.034],[0,0],[1.376,-7.041],[-2.869,-4.017],[-18.471,2.052],[-7.526,-9.578],[0,0]],"o":[[-13.683,-12.314],[-6.841,-3.42],[-7.525,15.735],[0,0],[0,0],[0,0],[8.812,-1.356],[0,0],[0,0],[-6.101,-21.015],[0,0],[-27.794,-2.033],[0,0],[3.75,5.262],[6.841,9.577],[18.472,-2.053],[7.525,9.578],[0,0]],"v":[[37.633,39.908],[-12.993,-25.769],[-34.201,-8.665],[-46.515,66.589],[-43.992,69.379],[-28.65,69.379],[-14.413,-15.36],[44.565,68.023],[71.003,68.023],[47.276,-11.293],[32.367,-68.822],[-26.616,-62.814],[-67.932,-69.379],[-71.003,-58.739],[-60.198,-44.24],[-6.836,-38.767],[31.476,-31.926],[58.157,46.065]],"c":true},"ix":2},"nm":"Path 1","mn":"ADBE Vector Shape - Group","hd":false},{"ty":"fl","c":{"a":0,"k":[0.170639830945,0.24218787399,0.346084564807,1],"ix":4},"o":{"a":0,"k":100,"ix":5},"r":1,"bm":0,"nm":"Fill 1","mn":"ADBE Vector Graphic - Fill","hd":false},{"ty":"tr","p":{"a":0,"k":[115.988,179.869],"ix":2},"a":{"a":0,"k":[0,0],"ix":1},"s":{"a":0,"k":[100,100],"ix":3},"r":{"a":0,"k":0,"ix":6},"o":{"a":0,"k":100,"ix":7},"sk":{"a":0,"k":0,"ix":4},"sa":{"a":0,"k":0,"ix":5},"nm":"Transform"}],"nm":"Group 13","np":2,"cix":2,"bm":0,"ix":13,"mn":"ADBE Vector Group","hd":false},{"ty":"gr","it":[{"ind":0,"ty":"sh","ix":1,"ks":{"a":0,"k":{"i":[[0,0],[-8.813,1.356],[-3.389,0],[0,0],[6.101,21.015],[0,0],[27.794,2.034],[0,0],[-3.389,-29.828],[0,0]],"o":[[0,0],[8.813,-1.356],[0,0],[0,0],[-6.101,-21.016],[0,0],[-27.795,-2.033],[0,0],[3.39,29.828],[0,0]],"v":[[-26.54,69.379],[-12.304,-15.36],[46.674,68.023],[73.113,68.023],[49.386,-11.292],[34.477,-68.822],[-24.506,-62.814],[-65.823,-69.379],[-69.724,-24.244],[-50.945,69.379]],"c":true},"ix":2},"nm":"Path 1","mn":"ADBE Vector Shape - Group","hd":false},{"ty":"fl","c":{"a":0,"k":[0.197450854732,0.269697540882,0.402293156643,1],"ix":4},"o":{"a":0,"k":100,"ix":5},"r":1,"bm":0,"nm":"Fill 1","mn":"ADBE Vector Graphic - Fill","hd":false},{"ty":"tr","p":{"a":0,"k":[113.879,179.869],"ix":2},"a":{"a":0,"k":[0,0],"ix":1},"s":{"a":0,"k":[100,100],"ix":3},"r":{"a":0,"k":0,"ix":6},"o":{"a":0,"k":100,"ix":7},"sk":{"a":0,"k":0,"ix":4},"sa":{"a":0,"k":0,"ix":5},"nm":"Transform"}],"nm":"Group 14","np":2,"cix":2,"bm":0,"ix":14,"mn":"ADBE Vector Group","hd":false},{"ty":"gr","it":[{"ind":0,"ty":"sh","ix":1,"ks":{"a":0,"k":{"i":[[-0.2,1.001],[1.802,6.005],[0,0],[0,0],[0,-4.404]],"o":[[0.2,-1.001],[-1.801,-6.006],[0,0],[0,0],[0,4.404]],"v":[[10.71,10.309],[10.91,0.301],[9.109,-11.311],[-12.712,-9.109],[-10.309,4.504]],"c":true},"ix":2},"nm":"Path 1","mn":"ADBE Vector Shape - Group","hd":false},{"ty":"fl","c":{"a":0,"k":[0.985262582816,0.765649653416,0.560134229473,1],"ix":4},"o":{"a":0,"k":100,"ix":5},"r":1,"bm":0,"nm":"Fill 1","mn":"ADBE Vector Graphic - Fill","hd":false},{"ty":"tr","p":{"a":0,"k":[76.4,255.186],"ix":2},"a":{"a":0,"k":[0,0],"ix":1},"s":{"a":0,"k":[100,100],"ix":3},"r":{"a":0,"k":0,"ix":6},"o":{"a":0,"k":100,"ix":7},"sk":{"a":0,"k":0,"ix":4},"sa":{"a":0,"k":0,"ix":5},"nm":"Transform"}],"nm":"Group 15","np":2,"cix":2,"bm":0,"ix":15,"mn":"ADBE Vector Group","hd":false},{"ty":"gr","it":[{"ind":0,"ty":"sh","ix":1,"ks":{"a":0,"k":{"i":[[0,0],[0,0],[0,0],[0.621,-9.318]],"o":[[0,0],[0,0],[0,0],[-0.621,9.318]],"v":[[14.909,7.765],[6.211,-14.598],[-14.909,-12.113],[-9.94,5.28]],"c":true},"ix":2},"nm":"Path 1","mn":"ADBE Vector Shape - Group","hd":false},{"ty":"fl","c":{"a":0,"k":[0.985262582816,0.765649653416,0.560134229473,1],"ix":4},"o":{"a":0,"k":100,"ix":5},"r":1,"bm":0,"nm":"Fill 1","mn":"ADBE Vector Graphic - Fill","hd":false},{"ty":"tr","p":{"a":0,"k":[175.05,257.187],"ix":2},"a":{"a":0,"k":[0,0],"ix":1},"s":{"a":0,"k":[100,100],"ix":3},"r":{"a":0,"k":0,"ix":6},"o":{"a":0,"k":100,"ix":7},"sk":{"a":0,"k":0,"ix":4},"sa":{"a":0,"k":0,"ix":5},"nm":"Transform"}],"nm":"Group 16","np":2,"cix":2,"bm":0,"ix":16,"mn":"ADBE Vector Group","hd":false},{"ty":"gr","it":[{"ind":0,"ty":"sh","ix":1,"ks":{"a":0,"k":{"i":[[-1.903,-1.387],[-19.464,0.747],[-12.109,0.464],[-6.47,-0.925],[-6.313,-3.959],[-4.209,0.005],[-21.682,0.029],[-11.336,7.389],[0.934,5.721],[7.448,1.335],[17.214,-0.562],[9.046,2.265],[5.518,2.004],[17.926,-0.63],[-0.633,-0.035],[0,0],[-3.829,0.135],[19.8,-3.756],[6.944,-6.349],[-0.993,-3.524]],"o":[[15.741,11.474],[12.109,-0.465],[6.468,-0.249],[9.105,1.3],[3.566,2.237],[21.683,-0.029],[13.532,-0.018],[4.856,-3.166],[-1.22,-7.468],[-16.954,-3.038],[-9.321,0.304],[-5.695,-1.426],[-16.749,-6.082],[0.633,0.03],[0,0],[3.802,-0.186],[-20.129,-0.962],[-9.244,1.754],[-2.702,2.471],[0.639,2.267]],"v":[[-123.593,4.87],[-67.271,15.324],[-30.944,13.93],[-11.361,13.073],[3.255,23.513],[15.494,25.809],[80.541,25.721],[119.799,18.055],[128.077,3.874],[110.543,-8.076],[59.103,-11.805],[31.251,-12.946],[14.718,-18.982],[-38.027,-24.852],[-36.128,-24.761],[-49.482,-24.352],[-38.027,-24.852],[-98.199,-20.648],[-123.962,-10.062],[-128.017,-0.464]],"c":true},"ix":2},"nm":"Path 1","mn":"ADBE Vector Shape - Group","hd":false},{"ty":"fl","c":{"a":0,"k":[0.916087909773,0.916084379308,0.916088448319,1],"ix":4},"o":{"a":0,"k":100,"ix":5},"r":1,"bm":0,"nm":"Fill 1","mn":"ADBE Vector Graphic - Fill","hd":false},{"ty":"tr","p":{"a":0,"k":[129.26,291.634],"ix":2},"a":{"a":0,"k":[0,0],"ix":1},"s":{"a":0,"k":[100,100],"ix":3},"r":{"a":0,"k":0,"ix":6},"o":{"a":0,"k":100,"ix":7},"sk":{"a":0,"k":0,"ix":4},"sa":{"a":0,"k":0,"ix":5},"nm":"Transform"}],"nm":"Group 17","np":2,"cix":2,"bm":0,"ix":17,"mn":"ADBE Vector Group","hd":false}],"ip":0,"op":900.000036657751,"st":0,"bm":0}],"markers":[]}