{"v":"5.5.7","meta":{"g":"LottieFiles AE ","a":"","k":"","d":"","tc":""},"fr":29.9700012207031,"ip":0,"op":60.0000024438501,"w":1390,"h":1278,"nm":"Hello","ddd":0,"assets":[],"layers":[{"ddd":0,"ind":1,"ty":4,"nm":"C | Main","hd":true,"sr":1,"ks":{"o":{"a":0,"k":100,"ix":11},"r":{"a":0,"k":0,"ix":10},"p":{"a":1,"k":[{"i":{"x":0.667,"y":1},"o":{"x":0.333,"y":0},"t":0,"s":[806,768.643,0],"to":[11.333,3.667,0],"ti":[0,0,0]},{"i":{"x":0.667,"y":1},"o":{"x":0.333,"y":0},"t":30,"s":[874,790.643,0],"to":[0,0,0],"ti":[11.333,3.667,0]},{"t":59.0000024031193,"s":[806,768.643,0]}],"ix":2},"a":{"a":0,"k":[0,0,0],"ix":1},"s":{"a":0,"k":[100,100,100],"ix":6}},"ao":0,"ef":[{"ty":5,"nm":"Contrôleur","np":14,"mn":"Pseudo/DUIK Ctrl v02","ix":1,"en":1,"ef":[{"ty":6,"nm":"Icon","mn":"Pseudo/DUIK Ctrl v02-0001","ix":1,"v":0},{"ty":2,"nm":"Color","mn":"Pseudo/DUIK Ctrl v02-0002","ix":2,"v":{"a":0,"k":[0.92549020052,0.0941176489,0.0941176489,1],"ix":2}},{"ty":3,"nm":"Position","mn":"Pseudo/DUIK Ctrl v02-0003","ix":3,"v":{"a":0,"k":[0,0],"ix":3}},{"ty":0,"nm":"Size","mn":"Pseudo/DUIK Ctrl v02-0004","ix":4,"v":{"a":0,"k":88,"ix":4}},{"ty":7,"nm":"Flip","mn":"Pseudo/DUIK Ctrl v02-0005","ix":5,"v":{"a":0,"k":0,"ix":5}},{"ty":0,"nm":"Orientation","mn":"Pseudo/DUIK Ctrl v02-0006","ix":6,"v":{"a":0,"k":0,"ix":6}},{"ty":0,"nm":"Opacity","mn":"Pseudo/DUIK Ctrl v02-0007","ix":7,"v":{"a":0,"k":100,"ix":7}},{"ty":6,"nm":"","mn":"Pseudo/DUIK Ctrl v02-0008","ix":8,"v":0},{"ty":6,"nm":"Anchor","mn":"Pseudo/DUIK Ctrl v02-0009","ix":9,"v":0},{"ty":2,"nm":"Color","mn":"Pseudo/DUIK Ctrl v02-0010","ix":10,"v":{"a":0,"k":[0,0,0,1],"ix":10}},{"ty":0,"nm":"Size","mn":"Pseudo/DUIK Ctrl v02-0011","ix":11,"v":{"a":0,"k":88,"ix":11}},{"ty":6,"nm":"","mn":"Pseudo/DUIK Ctrl v02-0012","ix":12,"v":0}]},{"ty":5,"nm":"Arm","np":3,"mn":"Pseudo/DUIK side","ix":2,"en":1,"ef":[{"ty":7,"nm":"Side","mn":"Pseudo/DUIK side-0001","ix":1,"v":{"a":0,"k":2,"ix":1}}]},{"ty":5,"nm":"IK | Main","np":50,"mn":"Pseudo/DUIK 2layer ik","ix":3,"en":1,"ef":[{"ty":7,"nm":"IK","mn":"Pseudo/DUIK 2layer ik-0001","ix":1,"v":{"a":0,"k":1,"ix":1}},{"ty":7,"nm":"Reverse","mn":"Pseudo/DUIK 2layer ik-0002","ix":2,"v":{"a":0,"k":0,"ix":2}},{"ty":6,"nm":"FK","mn":"Pseudo/DUIK 2layer ik-0003","ix":3,"v":0},{"ty":7,"nm":"Follow through & Overlap","mn":"Pseudo/DUIK 2layer ik-0004","ix":4,"v":{"a":0,"k":0,"ix":4}},{"ty":6,"nm":"Follow through & Overlap","mn":"Pseudo/DUIK 2layer ik-0005","ix":5,"v":0},{"ty":0,"nm":"FK","mn":"Pseudo/DUIK 2layer ik-0006","ix":6,"v":{"a":0,"k":0,"ix":6}},{"ty":0,"nm":"Flexibility","mn":"Pseudo/DUIK 2layer ik-0007","ix":7,"v":{"a":0,"k":100,"ix":7}},{"ty":0,"nm":"Resistance","mn":"Pseudo/DUIK 2layer ik-0008","ix":8,"v":{"a":0,"k":10,"ix":8}},{"ty":6,"nm":"","mn":"Pseudo/DUIK 2layer ik-0009","ix":9,"v":0},{"ty":6,"nm":"Individual controls","mn":"Pseudo/DUIK 2layer ik-0010","ix":10,"v":0},{"ty":0,"nm":"Upper","mn":"Pseudo/DUIK 2layer ik-0011","ix":11,"v":{"a":0,"k":0,"ix":11}},{"ty":0,"nm":"Lower","mn":"Pseudo/DUIK 2layer ik-0012","ix":12,"v":{"a":0,"k":0,"ix":12}},{"ty":0,"nm":"Goal","mn":"Pseudo/DUIK 2layer ik-0013","ix":13,"v":{"a":0,"k":0,"ix":13}},{"ty":6,"nm":"","mn":"Pseudo/DUIK 2layer ik-0014","ix":14,"v":0},{"ty":7,"nm":"Parent rotation","mn":"Pseudo/DUIK 2layer ik-0015","ix":15,"v":{"a":0,"k":1,"ix":15}},{"ty":6,"nm":"","mn":"Pseudo/DUIK 2layer ik-0016","ix":16,"v":0},{"ty":6,"nm":"Stretch","mn":"Pseudo/DUIK 2layer ik-0017","ix":17,"v":0},{"ty":7,"nm":"Auto-Stretch","mn":"Pseudo/DUIK 2layer ik-0018","ix":18,"v":{"a":0,"k":1,"ix":18}},{"ty":0,"nm":"Stretch","mn":"Pseudo/DUIK 2layer ik-0019","ix":19,"v":{"a":0,"k":0,"ix":19}},{"ty":0,"nm":"Auto-Shrink","mn":"Pseudo/DUIK 2layer ik-0020","ix":20,"v":{"a":0,"k":0,"ix":20}},{"ty":6,"nm":"","mn":"Pseudo/DUIK 2layer ik-0021","ix":21,"v":0},{"ty":6,"nm":"Advanced","mn":"Pseudo/DUIK 2layer ik-0022","ix":22,"v":0},{"ty":0,"nm":"Full rotation limit","mn":"Pseudo/DUIK 2layer ik-0023","ix":23,"v":{"a":0,"k":-180,"ix":23}},{"ty":6,"nm":"","mn":"Pseudo/DUIK 2layer ik-0024","ix":24,"v":0},{"ty":6,"nm":"Data","mn":"Pseudo/DUIK 2layer ik-0025","ix":25,"v":0},{"ty":6,"nm":"Layers","mn":"Pseudo/DUIK 2layer ik-0026","ix":26,"v":0},{"ty":10,"nm":"Upper","mn":"Pseudo/DUIK 2layer ik-0027","ix":27,"v":{"a":0,"k":5,"ix":27}},{"ty":10,"nm":"Lower","mn":"Pseudo/DUIK 2layer ik-0028","ix":28,"v":{"a":0,"k":4,"ix":28}},{"ty":10,"nm":"Goal","mn":"Pseudo/DUIK 2layer ik-0029","ix":29,"v":{"a":0,"k":3,"ix":29}},{"ty":6,"nm":"","mn":"Pseudo/DUIK 2layer ik-0030","ix":30,"v":0},{"ty":6,"nm":"Stretch data","mn":"Pseudo/DUIK 2layer ik-0031","ix":31,"v":0},{"ty":0,"nm":"Upper stretch","mn":"Pseudo/DUIK 2layer ik-0032","ix":32,"v":{"a":0,"k":0,"ix":32,"x":"var $bm_rt;\nvar newLength;\nvar fx = effect('IK | Main');\nvar layer1 = null;\nvar layer2 = null;\nvar result = 0;\ntry {\n    layer1 = fx(27);\n    layer2 = fx(28);\n} catch (e) {\n}\nif (layer1 != null) {\n    newLength = length(layer1.toWorld(layer1.anchorPoint), layer2.toWorld(layer2.anchorPoint));\n    result = $bm_sub(newLength, fx(40).value);\n}\n$bm_rt = result;"}},{"ty":0,"nm":"Upper scale","mn":"Pseudo/DUIK 2layer ik-0033","ix":33,"v":{"a":0,"k":100,"ix":33,"x":"var $bm_rt;\nvar fx = effect('IK | Main');\nif (fx(40).value > 0)\n    $bm_rt = $bm_mul($bm_div($bm_sum(fx(32).value, fx(40).value), fx(40).value), 100);\nelse\n    $bm_rt = 100;"}},{"ty":0,"nm":"Lower stretch","mn":"Pseudo/DUIK 2layer ik-0034","ix":34,"v":{"a":0,"k":0,"ix":34,"x":"var $bm_rt;\nvar newLength;\nvar fx = effect('IK | Main');\nvar layer2 = null;\nvar result = 0;\ntry {\n    layer2 = fx(28);\n} catch (e) {\n}\nif (layer2 != null) {\n    newLength = length(layer2.toWorld(fx(36).value), layer2.toWorld(layer2.anchorPoint));\n    result = $bm_sub(newLength, fx(41).value);\n}\n$bm_rt = result;"}},{"ty":0,"nm":"Lower scale","mn":"Pseudo/DUIK 2layer ik-0035","ix":35,"v":{"a":0,"k":100,"ix":35,"x":"var $bm_rt;\nvar fx = effect('IK | Main');\nif (fx(41).value > 0)\n    $bm_rt = $bm_mul($bm_div($bm_sum(fx(34).value, fx(41).value), fx(41).value), 100);\nelse\n    $bm_rt = 100;"}},{"ty":3,"nm":"Goal position","mn":"Pseudo/DUIK 2layer ik-0036","ix":36,"v":{"a":0,"k":[65.571,-189.429],"ix":36,"x":"var $bm_rt;\nvar fx, layer1, layer1, stretch, auto, IK, shrinkVal, dist1, dist2, IKLength, IKStretched, boneStretch, proportion, posC, posR, distC, shrinkMax, shrink, shrink, boneStretch, boneStretch, boneStretch, coef, coef, coef, coef;\nvar result = value;\nfx = effect('IK | Main');\nlayer1 = null;\ntry {\n    layer1 = fx(27);\n} catch (e) {\n}\nif (layer1 != null) {\n    stretch = fx(19);\n    auto = fx(18).value;\n    IK = fx(1).value;\n    shrinkVal = $bm_div(fx(20).value, 100);\n    function getWorldPos(L) {\n        return L.toWorld(L.anchorPoint);\n    }\n    dist1 = fx(40).value;\n    dist2 = fx(41).value;\n    IKLength = $bm_sum(dist1, dist2);\n    IKStretched = $bm_sum(IKLength, stretch);\n    boneStretch = 0;\n    proportion = $bm_div(dist2, IKLength);\n    posC = toWorld($bm_transform.anchorPoint);\n    posR = getWorldPos(layer1);\n    distC = length(posC, posR);\n    shrinkMax = $bm_mul(IKLength, shrinkVal);\n    shrink = 0;\n    if (distC < IKStretched && IK)\n        shrink = $bm_sub(1, $bm_div(distC, IKStretched));\n    boneStretch = $bm_sub(boneStretch, $bm_mul(easeOut(shrink, 0, shrinkMax), proportion));\n    if (distC > IKStretched && auto && IK)\n        boneStretch = $bm_sum(boneStretch, $bm_mul($bm_sub(distC, IKLength), proportion));\n    else\n        boneStretch = $bm_sum(boneStretch, $bm_mul(stretch, proportion));\n    coef = 1;\n    dist2 != 0 ? coef = $bm_div($bm_sum(dist2, boneStretch), dist2) : coef = 1;\n    result = $bm_sum($bm_mul($bm_sub([\n        65.5714282989502,\n        -189.428573608398\n    ], [\n        0,\n        0,\n        0\n    ]), coef), [\n        0,\n        0,\n        0\n    ]);\n}\n$bm_rt = result;"}},{"ty":3,"nm":"Goal world position","mn":"Pseudo/DUIK 2layer ik-0037","ix":37,"v":{"a":0,"k":[695,639],"ix":37,"x":"var $bm_rt;\nvar fx = effect('IK | Main');\nvar layer2 = null;\nvar result = [\n        0,\n        0\n    ];\ntry {\n    layer2 = fx(28);\n} catch (e) {\n}\nif (layer2 != null) {\n    result = layer2.toWorld(fx(36).value);\n}\n$bm_rt = result;"}},{"ty":6,"nm":"","mn":"Pseudo/DUIK 2layer ik-0038","ix":38,"v":0},{"ty":6,"nm":"Lengths","mn":"Pseudo/DUIK 2layer ik-0039","ix":39,"v":0},{"ty":0,"nm":"Upper length","mn":"Pseudo/DUIK 2layer ik-0040","ix":40,"v":{"a":0,"k":201.921,"ix":40}},{"ty":0,"nm":"Lower length","mn":"Pseudo/DUIK 2layer ik-0041","ix":41,"v":{"a":0,"k":200.456,"ix":41}},{"ty":0,"nm":"IK length","mn":"Pseudo/DUIK 2layer ik-0042","ix":42,"v":{"a":0,"k":0,"ix":42,"x":"var $bm_rt;\nvar fx = effect('IK | Main');\nvar result = $bm_sum(fx(40).value, fx(41).value);\nvar goalPos = fx(37).value;\nvar layer1 = null;\ntry {\n    layer1 = fx(27);\n} catch (e) {\n}\nif (layer1 != null) {\n    result = length(layer1.toWorld(layer1.anchorPoint), goalPos);\n}\n$bm_rt = result;"}},{"ty":6,"nm":"","mn":"Pseudo/DUIK 2layer ik-0043","ix":43,"v":0},{"ty":7,"nm":"Straight","mn":"Pseudo/DUIK 2layer ik-0044","ix":44,"v":{"a":0,"k":0,"ix":44,"x":"var $bm_rt;\nvar fx;\nfx = effect('IK | Main');\nvar layer1 = null;\nvar layer2 = null;\nvar result = false;\ntry {\n    layer1 = fx(27);\n    layer2 = fx(28);\n} catch (e) {\n}\nif (layer1 != null) {\n    var a = layer1.toWorld(layer1.anchorPoint);\n    var b = layer2.toWorld(layer2.anchorPoint);\n    var c = layer2.toWorld(fx(36).value);\n    result = Math.abs(a[0] * (b[1] - c[1]) + b[0] * (c[1] - a[1]) + c[0] * (a[1] - b[1])) < 1000;\n}\n$bm_rt = result;"}},{"ty":6,"nm":"","mn":"Pseudo/DUIK 2layer ik-0045","ix":45,"v":0},{"ty":6,"nm":"Display","mn":"Pseudo/DUIK 2layer ik-0046","ix":46,"v":0},{"ty":7,"nm":"Draw guides","mn":"Pseudo/DUIK 2layer ik-0047","ix":47,"v":{"a":0,"k":1,"ix":47}},{"ty":6,"nm":"","mn":"Pseudo/DUIK 2layer ik-0048","ix":48,"v":0}]}],"shapes":[{"ty":"gr","it":[{"d":1,"ty":"el","s":{"a":0,"k":[2,2],"ix":2},"p":{"a":0,"k":[0,0],"ix":3},"nm":"Tracé d'ellipse 1","mn":"ADBE Vector Shape - Ellipse","hd":false},{"d":1,"ty":"el","s":{"a":0,"k":[10,10],"ix":2},"p":{"a":0,"k":[0,0],"ix":3},"nm":"Tracé d'ellipse 2","mn":"ADBE Vector Shape - Ellipse","hd":false},{"ty":"sr","sy":1,"d":1,"pt":{"a":0,"k":4,"ix":3},"p":{"a":0,"k":[0,0],"ix":4},"r":{"a":0,"k":0,"ix":5},"ir":{"a":0,"k":0,"ix":6},"is":{"a":0,"k":0,"ix":8},"or":{"a":0,"k":10,"ix":7},"os":{"a":0,"k":0,"ix":9},"ix":3,"nm":"Tracé polyétoile 1","mn":"ADBE Vector Shape - Star","hd":false},{"ty":"st","c":{"a":0,"k":[1,1,1,1],"ix":3,"x":"var $bm_rt;\n$bm_rt = effect('Contr\\xf4leur')(10);"},"o":{"a":0,"k":100,"ix":4},"w":{"a":0,"k":2,"ix":5,"x":"var $bm_rt;\nvar s = content('Anchor').transform.scale[0];\nif (s == 0)\n    $bm_rt = 0;\nelse\n    $bm_rt = $bm_div(100, s);"},"lc":2,"lj":1,"ml":4,"bm":0,"nm":"Contour 1","mn":"ADBE Vector Graphic - Stroke","hd":false},{"ty":"tr","p":{"a":0,"k":[0,0],"ix":2},"a":{"a":0,"k":[0,0],"ix":1},"s":{"a":0,"k":[100,100],"ix":3,"x":"var $bm_rt;\n$bm_rt = [\n    effect('Contr\\xf4leur')(11),\n    effect('Contr\\xf4leur')(11)\n];"},"r":{"a":0,"k":0,"ix":6},"o":{"a":0,"k":100,"ix":7},"sk":{"a":0,"k":0,"ix":4},"sa":{"a":0,"k":0,"ix":5},"nm":"Transformer "}],"nm":"Anchor","np":4,"cix":2,"bm":0,"ix":1,"mn":"ADBE Vector Group","hd":false},{"ty":"gr","it":[{"ind":0,"ty":"sh","ix":1,"ks":{"a":0,"k":{"i":[[0,-0.993],[0,0],[0,0],[0,0],[1.005,0],[0,-0.993],[0,0],[0,0],[0,0],[0.648,0],[0,-1.122],[-0.276,-0.352],[0,0],[-0.648,0],[0,0],[-0.146,0.721],[0,0],[0,0.321],[0,0],[1.005,0],[0,-0.993],[0,0],[0,0],[0,0],[1.005,0],[0,-0.993],[0,0],[0,0],[0,0],[1.005,0]],"o":[[0,0],[0,0],[0,0],[0,-0.993],[-1.004,0],[0,0],[0,0],[0,0],[-0.388,-0.513],[-1.15,0],[0,0.449],[0,0],[0.389,0.513],[0,0],[0.746,0],[0,0],[0.049,-0.305],[0,0],[0,-0.993],[-1.004,0],[0,0],[0,0],[0,0],[0,-0.993],[-1.004,0],[0,0],[0,0],[0,0],[0,-0.993],[-1.004,0]],"v":[[-2.681,-16.719],[-2.681,-6.201],[-3.511,-6.88],[-3.511,-15.345],[-5.465,-16.448],[-6.837,-15.037],[-6.837,-6.571],[-7.279,-2.083],[-9.774,-5.369],[-11.426,-6.188],[-13.5,-4.135],[-13.078,-2.901],[-6.857,5.307],[-5.205,6.125],[5.94,6.125],[7.48,4.875],[8.71,-1.618],[8.792,-2.565],[8.792,-10.549],[6.977,-12.344],[5.682,-10.549],[5.682,-6.188],[4.644,-6.188],[4.644,-14.653],[2.829,-16.448],[1.466,-14.653],[1.466,-6.188],[0.497,-6.188],[0.497,-16.705],[-1.318,-18.5]],"c":true},"ix":2},"nm":"Tracé 1","mn":"ADBE Vector Shape - Group","hd":false},{"ty":"fl","c":{"a":0,"k":[1,0,0,1],"ix":4,"x":"var $bm_rt;\n$bm_rt = effect('Contr\\xf4leur')(2);"},"o":{"a":0,"k":100,"ix":5},"r":1,"bm":0,"nm":"Fond 1","mn":"ADBE Vector Graphic - Fill","hd":false},{"ty":"tr","p":{"a":0,"k":[0,0],"ix":2,"x":"var $bm_rt;\n$bm_rt = effect('Contr\\xf4leur')(3);"},"a":{"a":0,"k":[0,0],"ix":1},"s":{"a":0,"k":[100,100],"ix":3,"x":"var $bm_rt;\nvar flip = effect('Contr\\xf4leur')(5).value;\nflip ? flip = -1 : flip = 1;\n$bm_rt = [\n    flip * effect('Contr\\xf4leur')(4) * 2,\n    effect('Contr\\xf4leur')(4) * 2\n];"},"r":{"a":0,"k":0,"ix":6,"x":"var $bm_rt;\n$bm_rt = effect('Contr\\xf4leur')(6);"},"o":{"a":0,"k":100,"ix":7,"x":"var $bm_rt;\n$bm_rt = effect('Contr\\xf4leur')(7);"},"sk":{"a":0,"k":0,"ix":4},"sa":{"a":0,"k":0,"ix":5},"nm":"Transformer "}],"nm":"Icon","np":2,"cix":2,"bm":0,"ix":2,"mn":"ADBE Vector Group","hd":false},{"ty":"gr","it":[{"ind":0,"ty":"sh","ix":1,"ks":{"a":0,"k":{"i":[[0,0],[0,0]],"o":[[0,0],[0,0]],"v":[[-8,16],[8,16]],"c":false},"ix":2},"nm":"Tracé 1","mn":"ADBE Vector Shape - Group","hd":false},{"ty":"st","c":{"a":0,"k":[1,1,1,1],"ix":3,"x":"var $bm_rt;\n$bm_rt = $bm_sub(effect('Contr\\xf4leur')(2), [\n    0.2,\n    0.2,\n    0.2,\n    0\n]);"},"o":{"a":0,"k":100,"ix":4,"x":"var $bm_rt;\nvar fx = effect('IK | Main');\nif (fx(47).value)\n    $bm_rt = $bm_mul(fx(44).value, 100);\nelse\n    $bm_rt = 0;"},"w":{"a":0,"k":2,"ix":5},"lc":2,"lj":1,"ml":4,"bm":0,"nm":"Contour 1","mn":"ADBE Vector Graphic - Stroke","hd":false},{"ty":"tr","p":{"a":0,"k":[0,0],"ix":2,"x":"var $bm_rt;\n$bm_rt = effect('Contr\\xf4leur')(3);"},"a":{"a":0,"k":[0,0],"ix":1},"s":{"a":0,"k":[100,100],"ix":3,"x":"var $bm_rt;\n$bm_rt = [\n    effect('Contr\\xf4leur')(4) * 2,\n    effect('Contr\\xf4leur')(4) * 2\n];"},"r":{"a":0,"k":0,"ix":6},"o":{"a":0,"k":100,"ix":7,"x":"var $bm_rt;\n$bm_rt = effect('Contr\\xf4leur')(7);"},"sk":{"a":0,"k":0,"ix":4},"sa":{"a":0,"k":0,"ix":5},"nm":"Transformer "}],"nm":"IK","np":2,"cix":2,"bm":0,"ix":3,"mn":"ADBE Vector Group","hd":false},{"ty":"gr","it":[{"ind":0,"ty":"sh","ix":1,"ks":{"a":0,"k":{"i":[],"o":[],"v":[],"c":false},"ix":2,"x":"var $bm_rt;\nif (active) {\n    var fx = effect('IK | Main');\n    var layer1 = null;\n    var result = [[\n                0,\n                0\n            ]];\n    if (fx(1).value && fx(47).value) {\n        try {\n            layer1 = fx(27);\n        } catch (e) {\n        }\n        if (layer1 != null) {\n            var l = layer1.toWorld(layer1.anchorPoint);\n            l = fromWorld(l);\n            result = [\n                l,\n                [\n                    0,\n                    0\n                ]\n            ];\n        }\n    }\n    $bm_rt = createPath(result, [], [], false);\n} else\n    $bm_rt = value;"},"nm":"Tracé 1","mn":"ADBE Vector Shape - Group","hd":false},{"ty":"st","c":{"a":0,"k":[1,1,1,1],"ix":3,"x":"var $bm_rt;\n$bm_rt = $bm_sub(effect('Contr\\xf4leur')(2), [\n    0.2,\n    0.2,\n    0.2,\n    0\n]);"},"o":{"a":0,"k":100,"ix":4},"w":{"a":0,"k":2,"ix":5},"lc":2,"lj":1,"ml":4,"bm":0,"d":[{"n":"d","nm":"tiret","v":{"a":0,"k":5,"ix":1}}],"nm":"Contour 1","mn":"ADBE Vector Graphic - Stroke","hd":false},{"ty":"tr","p":{"a":0,"k":[0,0],"ix":2},"a":{"a":0,"k":[0,0],"ix":1},"s":{"a":0,"k":[100,100],"ix":3},"r":{"a":0,"k":0,"ix":6},"o":{"a":0,"k":100,"ix":7},"sk":{"a":0,"k":0,"ix":4},"sa":{"a":0,"k":0,"ix":5},"nm":"Transformer "}],"nm":"IK Line","np":2,"cix":2,"bm":0,"ix":4,"mn":"ADBE Vector Group","hd":false}],"ip":0,"op":60.0000024438501,"st":0,"bm":0},{"ddd":0,"ind":2,"ty":4,"nm":"S | Bout du bras","parent":3,"hd":true,"sr":1,"ks":{"o":{"a":0,"k":100,"ix":11},"r":{"a":0,"k":0,"ix":10},"p":{"a":0,"k":[16.857,-69.143,0],"ix":2},"a":{"a":0,"k":[0,0,0],"ix":1},"s":{"a":0,"k":[100,100],"ix":6}},"ao":0,"ef":[{"ty":5,"nm":"Structure","np":7,"mn":"Pseudo/DUIK Structure","ix":1,"en":1,"ef":[{"ty":6,"nm":"Display options","mn":"Pseudo/DUIK Structure-0001","ix":1,"v":0},{"ty":0,"nm":"Size","mn":"Pseudo/DUIK Structure-0002","ix":2,"v":{"a":0,"k":95,"ix":2}},{"ty":10,"nm":"Target","mn":"Pseudo/DUIK Structure-0003","ix":3,"v":{"a":0,"k":2,"ix":3}},{"ty":2,"nm":"Color","mn":"Pseudo/DUIK Structure-0004","ix":4,"v":{"a":0,"k":[0.92549020052,0.0941176489,0.0941176489,1],"ix":4}},{"ty":6,"nm":"","mn":"Pseudo/DUIK Structure-0005","ix":5,"v":0}]}],"shapes":[{"ty":"gr","it":[{"ty":"gr","it":[{"d":1,"ty":"el","s":{"a":0,"k":[15,15],"ix":2},"p":{"a":0,"k":[0,0],"ix":3},"nm":"Tracé d'ellipse 1","mn":"ADBE Vector Shape - Ellipse","hd":false},{"d":1,"ty":"el","s":{"a":0,"k":[1,1],"ix":2},"p":{"a":0,"k":[0,0],"ix":3},"nm":"Tracé d'ellipse 2","mn":"ADBE Vector Shape - Ellipse","hd":false},{"ty":"st","c":{"a":0,"k":[0.10000000149,0.10000000149,0.10000000149,1],"ix":3},"o":{"a":0,"k":100,"ix":4},"w":{"a":0,"k":2,"ix":5},"lc":1,"lj":1,"ml":4,"bm":0,"nm":"Contour 1","mn":"ADBE Vector Graphic - Stroke","hd":false},{"ty":"tr","p":{"a":0,"k":[0,0],"ix":2},"a":{"a":0,"k":[0,0],"ix":1},"s":{"a":0,"k":[100,100],"ix":3},"r":{"a":0,"k":0,"ix":6},"o":{"a":0,"k":100,"ix":7},"sk":{"a":0,"k":0,"ix":4},"sa":{"a":0,"k":0,"ix":5},"nm":"Transformer "}],"nm":"Target","np":3,"cix":2,"bm":0,"ix":1,"mn":"ADBE Vector Group","hd":false},{"ty":"gr","it":[{"ty":"gr","it":[{"ty":"sr","sy":2,"d":1,"pt":{"a":0,"k":3,"ix":3},"p":{"a":0,"k":[0,0],"ix":4},"r":{"a":0,"k":0,"ix":5},"or":{"a":0,"k":20,"ix":7},"os":{"a":0,"k":100,"ix":9},"ix":1,"nm":"Tracé polyétoile 1","mn":"ADBE Vector Shape - Star","hd":false},{"ty":"fl","c":{"a":0,"k":[0.92549020052,0.0941176489,0.0941176489,1],"ix":4},"o":{"a":0,"k":100,"ix":5},"r":1,"bm":0,"nm":"Fond 1","mn":"ADBE Vector Graphic - Fill","hd":false},{"ty":"tr","p":{"a":0,"k":[0,0],"ix":2},"a":{"a":0,"k":[0,10],"ix":1},"s":{"a":0,"k":[0,0],"ix":3},"r":{"a":0,"k":0,"ix":6},"o":{"a":0,"k":100,"ix":7},"sk":{"a":0,"k":0,"ix":4},"sa":{"a":0,"k":0,"ix":5},"nm":"Transformer "}],"nm":"Link","np":2,"cix":2,"bm":0,"ix":1,"mn":"ADBE Vector Group","hd":false},{"ty":"tr","p":{"a":0,"k":[0,0],"ix":2},"a":{"a":0,"k":[0,0],"ix":1},"s":{"a":0,"k":[100,100],"ix":3},"r":{"a":0,"k":0,"ix":6},"o":{"a":0,"k":50,"ix":7},"sk":{"a":0,"k":0,"ix":4},"sa":{"a":0,"k":0,"ix":5},"nm":"Transformer "}],"nm":"Display","np":1,"cix":2,"bm":0,"ix":2,"mn":"ADBE Vector Group","hd":false},{"ty":"tr","p":{"a":0,"k":[0,0],"ix":2},"a":{"a":0,"k":[0,0],"ix":1},"s":{"a":0,"k":[95,95],"ix":3},"r":{"a":0,"k":0,"ix":6},"o":{"a":0,"k":100,"ix":7},"sk":{"a":0,"k":0,"ix":4},"sa":{"a":0,"k":0,"ix":5},"nm":"Transformer "}],"nm":"Structure Element","np":2,"cix":2,"bm":0,"ix":1,"mn":"ADBE Vector Group","hd":false}],"ip":0,"op":60.0000024438501,"st":0,"bm":0},{"ddd":0,"ind":3,"ty":4,"nm":"S | Main","parent":4,"hd":true,"sr":1,"ks":{"o":{"a":0,"k":100,"ix":11},"r":{"a":0,"k":0,"ix":10,"x":"var $bm_rt;\nvar ctrl = null;\ntry {\n    $bm_rt = ctrl = effect('IK')(1);\n} catch (e) {\n}\n;\nif (ctrl != null) {\n    var fx = ctrl.effect('IK | Main');\n    var ikfk = fx(1).value;\n    function ik() {\n        var IK = ctrl.rotation.value;\n        var layer = thisLayer;\n        while (layer.hasParent) {\n            layer = layer.parent;\n            IK = $bm_sub(IK, layer.rotation);\n        }\n        return IK;\n    }\n    function fk() {\n        var FK = value;\n        var parentRot = parent.transform.rotation;\n        var delay = fx(8).value;\n        var amp = fx(7).value;\n        var ftEnabled = fx(4).value;\n        delay = $bm_div(delay, 100);\n        amp = $bm_div(amp, 100);\n        if (ftEnabled) {\n            FK = parentRot.valueAtTime($bm_sub(time, delay));\n            FK = $bm_mul(FK, amp);\n        }\n        FK = $bm_sum($bm_sum(FK, value), fx(13));\n        if (ftEnabled) {\n            FK = $bm_sub(FK, parentRot.valueAtTime(0));\n        }\n        return FK;\n    }\n    $bm_rt = ikfk ? ik() : fk();\n} else\n    $bm_rt = value;"},"p":{"a":0,"k":[65.571,-189.429,0],"ix":2,"x":"var $bm_rt;\nvar ctrl = null;\nvar result = value;\ntry {\n    ctrl = effect('IK')(1);\n} catch (e) {\n    value;\n}\n;\nif (ctrl != null) {\n    result = ctrl.effect('IK | Main')(36).value;\n}\n$bm_rt = result;"},"a":{"a":0,"k":[0,0,0],"ix":1},"s":{"a":0,"k":[100,100],"ix":6}},"ao":0,"ef":[{"ty":5,"nm":"Structure","np":7,"mn":"Pseudo/DUIK Structure","ix":1,"en":1,"ef":[{"ty":6,"nm":"Display options","mn":"Pseudo/DUIK Structure-0001","ix":1,"v":0},{"ty":0,"nm":"Size","mn":"Pseudo/DUIK Structure-0002","ix":2,"v":{"a":0,"k":95,"ix":2}},{"ty":10,"nm":"Target","mn":"Pseudo/DUIK Structure-0003","ix":3,"v":{"a":0,"k":2,"ix":3}},{"ty":2,"nm":"Color","mn":"Pseudo/DUIK Structure-0004","ix":4,"v":{"a":0,"k":[0.093999996781,0.925000011921,0.093999996781,1],"ix":4}},{"ty":6,"nm":"","mn":"Pseudo/DUIK Structure-0005","ix":5,"v":0}]},{"ty":5,"nm":"IK","np":3,"mn":"Pseudo/DUIK ik","ix":2,"en":1,"ef":[{"ty":10,"nm":"Controller","mn":"Pseudo/DUIK ik-0001","ix":1,"v":{"a":0,"k":1,"ix":1}}]}],"shapes":[{"ty":"gr","it":[{"ty":"gr","it":[{"d":1,"ty":"el","s":{"a":0,"k":[15,15],"ix":2},"p":{"a":0,"k":[0,0],"ix":3},"nm":"Tracé d'ellipse 1","mn":"ADBE Vector Shape - Ellipse","hd":false},{"d":1,"ty":"el","s":{"a":0,"k":[1,1],"ix":2},"p":{"a":0,"k":[0,0],"ix":3},"nm":"Tracé d'ellipse 2","mn":"ADBE Vector Shape - Ellipse","hd":false},{"ty":"st","c":{"a":0,"k":[0.10000000149,0.10000000149,0.10000000149,1],"ix":3},"o":{"a":0,"k":100,"ix":4},"w":{"a":0,"k":2,"ix":5},"lc":1,"lj":1,"ml":4,"bm":0,"nm":"Contour 1","mn":"ADBE Vector Graphic - Stroke","hd":false},{"ty":"tr","p":{"a":0,"k":[0,0],"ix":2},"a":{"a":0,"k":[0,0],"ix":1},"s":{"a":0,"k":[100,100],"ix":3},"r":{"a":0,"k":0,"ix":6},"o":{"a":0,"k":100,"ix":7},"sk":{"a":0,"k":0,"ix":4},"sa":{"a":0,"k":0,"ix":5},"nm":"Transformer "}],"nm":"Target","np":3,"cix":2,"bm":0,"ix":1,"mn":"ADBE Vector Group","hd":false},{"ty":"gr","it":[{"ty":"gr","it":[{"ty":"sr","sy":2,"d":1,"pt":{"a":0,"k":3,"ix":3},"p":{"a":0,"k":[0,0],"ix":4},"r":{"a":0,"k":0,"ix":5},"or":{"a":0,"k":20,"ix":7},"os":{"a":0,"k":100.115,"ix":9},"ix":1,"nm":"Tracé polyétoile 1","mn":"ADBE Vector Shape - Star","hd":false},{"ty":"fl","c":{"a":0,"k":[0.093999996781,0.925000011921,0.093999996781,1],"ix":4},"o":{"a":0,"k":100,"ix":5},"r":1,"bm":0,"nm":"Fond 1","mn":"ADBE Vector Graphic - Fill","hd":false},{"ty":"tr","p":{"a":0,"k":[0,0],"ix":2},"a":{"a":0,"k":[0,10],"ix":1},"s":{"a":0,"k":[100,249.713],"ix":3},"r":{"a":0,"k":0,"ix":6},"o":{"a":0,"k":100,"ix":7},"sk":{"a":0,"k":0,"ix":4},"sa":{"a":0,"k":0,"ix":5},"nm":"Transformer "}],"nm":"Link","np":2,"cix":2,"bm":0,"ix":1,"mn":"ADBE Vector Group","hd":false},{"ty":"tr","p":{"a":0,"k":[0,0],"ix":2},"a":{"a":0,"k":[0,0],"ix":1},"s":{"a":0,"k":[100,100],"ix":3},"r":{"a":0,"k":0,"ix":6},"o":{"a":0,"k":50,"ix":7},"sk":{"a":0,"k":0,"ix":4},"sa":{"a":0,"k":0,"ix":5},"nm":"Transformer "}],"nm":"Display","np":1,"cix":2,"bm":0,"ix":2,"mn":"ADBE Vector Group","hd":false},{"ty":"tr","p":{"a":0,"k":[0,0],"ix":2},"a":{"a":0,"k":[0,0],"ix":1},"s":{"a":0,"k":[95,95],"ix":3},"r":{"a":0,"k":13.702,"ix":6},"o":{"a":0,"k":100,"ix":7},"sk":{"a":0,"k":0,"ix":4},"sa":{"a":0,"k":0,"ix":5},"nm":"Transformer "}],"nm":"Structure Element","np":2,"cix":2,"bm":0,"ix":1,"mn":"ADBE Vector Group","hd":false}],"ip":0,"op":60.0000024438501,"st":0,"bm":0},{"ddd":0,"ind":4,"ty":4,"nm":"S | Avant-Bras","parent":5,"hd":true,"sr":1,"ks":{"o":{"a":0,"k":100,"ix":11},"r":{"a":0,"k":0,"ix":10,"x":"var $bm_rt;\nvar IKFK, layer1, layer2;\nvar controller = null;\nvar result = value;\ntry {\n    controller = effect('IK')(1);\n} catch (e) {\n}\nif (controller != null) {\n    var fx = controller.effect('IK | Main');\n    IKFK = fx(1).value;\n    layer1 = null;\n    layer2 = thisLayer;\n    try {\n        layer1 = fx(27);\n    } catch (e) {\n    }\n    if (layer1 != null) {\n        function ik() {\n            var endPos, cw, A, B, C, E, a, b, c, x, alpha, y, gamma, V1, adj1, V2, adj2, IK;\n            endPos = fx(36).value;\n            cw = fx(2).value;\n            function getWorldPos(L) {\n                return L.toWorld(L.anchorPoint);\n            }\n            A = getWorldPos(layer1);\n            B = getWorldPos(layer2);\n            C = layer2.toWorld(endPos);\n            E = getWorldPos(controller);\n            a = length(B, C);\n            b = length(E, A);\n            c = length(A, B);\n            x = $bm_div($bm_sub($bm_sum($bm_mul(b, b), $bm_mul(c, c)), $bm_mul(a, a)), $bm_mul(2, b));\n            alpha = Math.acos(clamp($bm_div(x, c), -1, 1));\n            y = $bm_sub(b, x);\n            gamma = Math.acos(clamp($bm_div(y, a), -1, 1));\n            result = $bm_mul(cw ? 1 : -1, radiansToDegrees($bm_sum(gamma, alpha)));\n            V1 = $bm_sub(B, A);\n            adj1 = radiansToDegrees(Math.atan2(V1[1], V1[0]));\n            V2 = $bm_sub(C, B);\n            adj2 = radiansToDegrees(Math.atan2(V2[1], V2[0]));\n            IK = $bm_sum($bm_sub($bm_sum(result, adj1), adj2), value);\n            return $bm_mod(IK, 360);\n        }\n        function fk() {\n            var FK;\n            var ctrlRot = fx(6);\n            var delay = fx(8).value;\n            var amp = fx(7).value;\n            var follow = fx(15).value;\n            var ftEnabled = fx(4).value;\n            if (!ftEnabled) {\n                amp = 0;\n                delay = 0;\n            } else {\n                delay = $bm_div(delay, 100);\n                amp = $bm_div(amp, 100);\n            }\n            FK = ctrlRot.valueAtTime($bm_sub(time, delay));\n            if (follow && hasParent) {\n                var cP = layer1;\n                while (cP.hasParent) {\n                    cP = cP.parent;\n                    FK = $bm_sub(FK, $bm_sub(cP.rotation.value, cP.rotation.valueAtTime($bm_sub(time, delay))));\n                }\n            }\n            FK = $bm_sub(FK, ctrlRot.value);\n            FK = $bm_mul(FK, amp);\n            FK = $bm_sub(FK, $bm_mul(ctrlRot.velocity, $bm_div(delay, 5)));\n            FK = $bm_sum(FK, fx(12).value);\n            return FK;\n        }\n        result = IKFK ? ik() : fk();\n    }\n}\n$bm_rt = result;"},"p":{"a":0,"k":[122.429,160.571,0],"ix":2,"x":"var $bm_rt;\nvar fx, layer1, stretch, auto, IK, shrinkVal, dist1, dist2, IKLength, IKStretched, boneStretch, proportion, posC, posR, distC, shrinkMax, shrink, shrink, boneStretch, boneStretch, boneStretch, coef, coef, coef, coef;\nvar ctrl = null;\nvar result = value;\ntry {\n    ctrl = effect('IK')(1);\n} catch (e) {\n    value;\n}\n;\nif (ctrl != null) {\n    fx = ctrl.effect('IK | Main');\n    layer1 = null;\n    result = [\n        211,\n        25\n    ];\n    try {\n        layer1 = fx(27);\n    } catch (e) {\n    }\n    if (layer1 != null) {\n        stretch = fx(19).value;\n        auto = fx(18).value;\n        IK = fx(1).value;\n        shrinkVal = $bm_div(fx(20).value, 100);\n        function getWorldPos(L) {\n            return L.toWorld(L.anchorPoint);\n        }\n        dist1 = fx(40).value;\n        dist2 = fx(41).value;\n        IKLength = $bm_sum(dist1, dist2);\n        IKStretched = $bm_sum(IKLength, stretch);\n        boneStretch = 0;\n        proportion = $bm_div(dist1, IKLength);\n        posC = getWorldPos(ctrl);\n        posR = getWorldPos(layer1);\n        distC = length(posC, posR);\n        shrinkMax = $bm_mul(IKLength, shrinkVal);\n        shrink = 0;\n        if (distC < IKStretched && IK)\n            shrink = $bm_sub(1, $bm_div(distC, IKStretched));\n        boneStretch = $bm_sub(boneStretch, $bm_mul(easeOut(shrink, 0, shrinkMax), proportion));\n        if (distC > IKStretched && auto && IK)\n            boneStretch = $bm_sum(boneStretch, $bm_mul($bm_sub(distC, IKLength), proportion));\n        else\n            boneStretch = $bm_sum(boneStretch, $bm_mul(stretch, proportion));\n        coef = 1;\n        dist1 != 0 ? coef = $bm_div($bm_sum(dist1, boneStretch), dist1) : coef = 1;\n        result = $bm_sum($bm_mul($bm_sub([\n            122.42857170105,\n            160.571426391602,\n            0\n        ], [\n            0,\n            0,\n            0\n        ]), coef), [\n            0,\n            0,\n            0\n        ]);\n    }\n}\n$bm_rt = result;"},"a":{"a":0,"k":[0,0,0],"ix":1},"s":{"a":0,"k":[100,100],"ix":6}},"ao":0,"ef":[{"ty":5,"nm":"Structure","np":7,"mn":"Pseudo/DUIK Structure","ix":1,"en":1,"ef":[{"ty":6,"nm":"Display options","mn":"Pseudo/DUIK Structure-0001","ix":1,"v":0},{"ty":0,"nm":"Size","mn":"Pseudo/DUIK Structure-0002","ix":2,"v":{"a":0,"k":95,"ix":2}},{"ty":10,"nm":"Target","mn":"Pseudo/DUIK Structure-0003","ix":3,"v":{"a":0,"k":3,"ix":3}},{"ty":2,"nm":"Color","mn":"Pseudo/DUIK Structure-0004","ix":4,"v":{"a":0,"k":[0.925000011921,0.838999986649,0.093999996781,1],"ix":4}},{"ty":6,"nm":"","mn":"Pseudo/DUIK Structure-0005","ix":5,"v":0}]},{"ty":5,"nm":"IK","np":3,"mn":"Pseudo/DUIK ik","ix":2,"en":1,"ef":[{"ty":10,"nm":"Controller","mn":"Pseudo/DUIK ik-0001","ix":1,"v":{"a":0,"k":1,"ix":1}}]}],"shapes":[{"ty":"gr","it":[{"ty":"gr","it":[{"d":1,"ty":"el","s":{"a":0,"k":[15,15],"ix":2},"p":{"a":0,"k":[0,0],"ix":3},"nm":"Tracé d'ellipse 1","mn":"ADBE Vector Shape - Ellipse","hd":false},{"d":1,"ty":"el","s":{"a":0,"k":[1,1],"ix":2},"p":{"a":0,"k":[0,0],"ix":3},"nm":"Tracé d'ellipse 2","mn":"ADBE Vector Shape - Ellipse","hd":false},{"ty":"st","c":{"a":0,"k":[0.10000000149,0.10000000149,0.10000000149,1],"ix":3},"o":{"a":0,"k":100,"ix":4},"w":{"a":0,"k":2,"ix":5},"lc":1,"lj":1,"ml":4,"bm":0,"nm":"Contour 1","mn":"ADBE Vector Graphic - Stroke","hd":false},{"ty":"tr","p":{"a":0,"k":[0,0],"ix":2},"a":{"a":0,"k":[0,0],"ix":1},"s":{"a":0,"k":[100,100],"ix":3},"r":{"a":0,"k":0,"ix":6},"o":{"a":0,"k":100,"ix":7},"sk":{"a":0,"k":0,"ix":4},"sa":{"a":0,"k":0,"ix":5},"nm":"Transformer "}],"nm":"Target","np":3,"cix":2,"bm":0,"ix":1,"mn":"ADBE Vector Group","hd":false},{"ty":"gr","it":[{"ty":"gr","it":[{"ty":"sr","sy":2,"d":1,"pt":{"a":0,"k":3,"ix":3},"p":{"a":0,"k":[0,0],"ix":4},"r":{"a":0,"k":0,"ix":5},"or":{"a":0,"k":20,"ix":7},"os":{"a":0,"k":35.544,"ix":9},"ix":1,"nm":"Tracé polyétoile 1","mn":"ADBE Vector Shape - Star","hd":false},{"ty":"fl","c":{"a":0,"k":[0.925000011921,0.838999986649,0.093999996781,1],"ix":4},"o":{"a":0,"k":100,"ix":5},"r":1,"bm":0,"nm":"Fond 1","mn":"ADBE Vector Graphic - Fill","hd":false},{"ty":"tr","p":{"a":0,"k":[0,0],"ix":2},"a":{"a":0,"k":[0,10],"ix":1},"s":{"a":0,"k":[100,703.356],"ix":3},"r":{"a":0,"k":0,"ix":6},"o":{"a":0,"k":100,"ix":7},"sk":{"a":0,"k":0,"ix":4},"sa":{"a":0,"k":0,"ix":5},"nm":"Transformer "}],"nm":"Link","np":2,"cix":2,"bm":0,"ix":1,"mn":"ADBE Vector Group","hd":false},{"ty":"tr","p":{"a":0,"k":[0,0],"ix":2},"a":{"a":0,"k":[0,0],"ix":1},"s":{"a":0,"k":[100,100],"ix":3},"r":{"a":0,"k":0,"ix":6},"o":{"a":0,"k":50,"ix":7},"sk":{"a":0,"k":0,"ix":4},"sa":{"a":0,"k":0,"ix":5},"nm":"Transformer "}],"nm":"Display","np":1,"cix":2,"bm":0,"ix":2,"mn":"ADBE Vector Group","hd":false},{"ty":"tr","p":{"a":0,"k":[0,0],"ix":2},"a":{"a":0,"k":[0,0],"ix":1},"s":{"a":0,"k":[95,95],"ix":3},"r":{"a":0,"k":19.093,"ix":6},"o":{"a":0,"k":100,"ix":7},"sk":{"a":0,"k":0,"ix":4},"sa":{"a":0,"k":0,"ix":5},"nm":"Transformer "}],"nm":"Structure Element","np":2,"cix":2,"bm":0,"ix":1,"mn":"ADBE Vector Group","hd":false}],"ip":0,"op":60.0000024438501,"st":0,"bm":0},{"ddd":0,"ind":5,"ty":4,"nm":"S | Bras","hd":true,"sr":1,"ks":{"o":{"a":0,"k":100,"ix":11},"r":{"a":0,"k":0,"ix":10,"x":"var $bm_rt;\nvar IKFK;\nvar controller = null;\nvar result = value;\ntry {\n    controller = effect('IK')(1);\n} catch (e) {\n}\nif (controller != null) {\n    var fx = controller.effect('IK | Main');\n    IKFK = fx(1).value;\n    function ik() {\n        var layer1, layer2, endPos, limit, cw, A, C, B, E, a, b, c, x, alpha, D, delta, V, adj1, IK, IK;\n        layer1 = thisLayer;\n        layer2 = null;\n        try {\n            layer2 = fx(28);\n        } catch (e) {\n            return value;\n        }\n        if (layer2 != null) {\n            endPos = fx(36).value;\n            limit = fx(23).value;\n            cw = fx(2).value;\n            function getWorldPos(L) {\n                return L.toWorld(L.anchorPoint);\n            }\n            A = getWorldPos(layer1);\n            C = layer2.toWorld(endPos);\n            B = getWorldPos(layer2);\n            E = getWorldPos(controller);\n            a = length(B, C);\n            b = length(E, A);\n            c = length(A, B);\n            x = $bm_div($bm_sub($bm_sum($bm_mul(b, b), $bm_mul(c, c)), $bm_mul(a, a)), $bm_mul(2, b));\n            alpha = Math.acos(clamp($bm_div(x, c), -1, 1));\n            D = $bm_sub(E, A);\n            delta = Math.atan2(D[1], D[0]);\n            result = radiansToDegrees($bm_sub(delta, $bm_mul(cw ? 1 : -1, alpha)));\n            V = $bm_sub(B, A);\n            adj1 = radiansToDegrees(Math.atan2(V[1], V[0]));\n            IK = $bm_sum($bm_sub(result, adj1), value);\n            if (IK < limit)\n                IK = $bm_sum(IK, 360);\n            return IK;\n        }\n    }\n    function fk() {\n        var follow = fx(15).value;\n        var FK = $bm_sum(fx(11).value, fx(6).value);\n        var p = thisLayer;\n        if (!follow) {\n            while (p.hasParent) {\n                p = p.parent;\n                FK = $bm_sub(FK, p.rotation.value);\n            }\n        }\n        return FK;\n    }\n    result = IKFK ? ik() : fk();\n}\n$bm_rt = result;"},"p":{"a":0,"k":[673,799.5,0],"ix":2},"a":{"a":0,"k":[0,0,0],"ix":1},"s":{"a":0,"k":[100,100],"ix":6}},"ao":0,"ef":[{"ty":5,"nm":"Structure","np":7,"mn":"Pseudo/DUIK Structure","ix":1,"en":1,"ef":[{"ty":6,"nm":"Display options","mn":"Pseudo/DUIK Structure-0001","ix":1,"v":0},{"ty":0,"nm":"Size","mn":"Pseudo/DUIK Structure-0002","ix":2,"v":{"a":0,"k":95,"ix":2}},{"ty":10,"nm":"Target","mn":"Pseudo/DUIK Structure-0003","ix":3,"v":{"a":0,"k":4,"ix":3}},{"ty":2,"nm":"Color","mn":"Pseudo/DUIK Structure-0004","ix":4,"v":{"a":0,"k":[0.925000011921,0.470999985933,0.093999996781,1],"ix":4}},{"ty":6,"nm":"","mn":"Pseudo/DUIK Structure-0005","ix":5,"v":0}]},{"ty":5,"nm":"IK","np":3,"mn":"Pseudo/DUIK ik","ix":2,"en":1,"ef":[{"ty":10,"nm":"Controller","mn":"Pseudo/DUIK ik-0001","ix":1,"v":{"a":0,"k":1,"ix":1}}]}],"shapes":[{"ty":"gr","it":[{"ty":"gr","it":[{"d":1,"ty":"el","s":{"a":0,"k":[15,15],"ix":2},"p":{"a":0,"k":[0,0],"ix":3},"nm":"Tracé d'ellipse 1","mn":"ADBE Vector Shape - Ellipse","hd":false},{"d":1,"ty":"el","s":{"a":0,"k":[1,1],"ix":2},"p":{"a":0,"k":[0,0],"ix":3},"nm":"Tracé d'ellipse 2","mn":"ADBE Vector Shape - Ellipse","hd":false},{"ty":"st","c":{"a":0,"k":[0.10000000149,0.10000000149,0.10000000149,1],"ix":3},"o":{"a":0,"k":100,"ix":4},"w":{"a":0,"k":2,"ix":5},"lc":1,"lj":1,"ml":4,"bm":0,"nm":"Contour 1","mn":"ADBE Vector Graphic - Stroke","hd":false},{"ty":"tr","p":{"a":0,"k":[0,0],"ix":2},"a":{"a":0,"k":[0,0],"ix":1},"s":{"a":0,"k":[100,100],"ix":3},"r":{"a":0,"k":0,"ix":6},"o":{"a":0,"k":100,"ix":7},"sk":{"a":0,"k":0,"ix":4},"sa":{"a":0,"k":0,"ix":5},"nm":"Transformer "}],"nm":"Target","np":3,"cix":2,"bm":0,"ix":1,"mn":"ADBE Vector Group","hd":false},{"ty":"gr","it":[{"ty":"gr","it":[{"ty":"sr","sy":2,"d":1,"pt":{"a":0,"k":3,"ix":3},"p":{"a":0,"k":[0,0],"ix":4},"r":{"a":0,"k":0,"ix":5},"or":{"a":0,"k":20,"ix":7},"os":{"a":0,"k":35.286,"ix":9},"ix":1,"nm":"Tracé polyétoile 1","mn":"ADBE Vector Shape - Star","hd":false},{"ty":"fl","c":{"a":0,"k":[0.925000011921,0.470999985933,0.093999996781,1],"ix":4},"o":{"a":0,"k":100,"ix":5},"r":1,"bm":0,"nm":"Fond 1","mn":"ADBE Vector Graphic - Fill","hd":false},{"ty":"tr","p":{"a":0,"k":[0,0],"ix":2},"a":{"a":0,"k":[0,10],"ix":1},"s":{"a":0,"k":[100,708.493],"ix":3},"r":{"a":0,"k":0,"ix":6},"o":{"a":0,"k":100,"ix":7},"sk":{"a":0,"k":0,"ix":4},"sa":{"a":0,"k":0,"ix":5},"nm":"Transformer "}],"nm":"Link","np":2,"cix":2,"bm":0,"ix":1,"mn":"ADBE Vector Group","hd":false},{"ty":"tr","p":{"a":0,"k":[0,0],"ix":2},"a":{"a":0,"k":[0,0],"ix":1},"s":{"a":0,"k":[100,100],"ix":3},"r":{"a":0,"k":0,"ix":6},"o":{"a":0,"k":50,"ix":7},"sk":{"a":0,"k":0,"ix":4},"sa":{"a":0,"k":0,"ix":5},"nm":"Transformer "}],"nm":"Display","np":1,"cix":2,"bm":0,"ix":2,"mn":"ADBE Vector Group","hd":false},{"ty":"tr","p":{"a":0,"k":[0,0],"ix":2},"a":{"a":0,"k":[0,0],"ix":1},"s":{"a":0,"k":[95,95],"ix":3},"r":{"a":0,"k":-217.324,"ix":6},"o":{"a":0,"k":100,"ix":7},"sk":{"a":0,"k":0,"ix":4},"sa":{"a":0,"k":0,"ix":5},"nm":"Transformer "}],"nm":"Structure Element","np":2,"cix":2,"bm":0,"ix":1,"mn":"ADBE Vector Group","hd":false}],"ip":0,"op":60.0000024438501,"st":0,"bm":0},{"ddd":0,"ind":6,"ty":4,"nm":"Tête Silhouettes","sr":1,"ks":{"o":{"a":0,"k":100,"ix":11},"r":{"a":0,"k":0,"ix":10},"p":{"a":0,"k":[525.426,521.505,0],"ix":2},"a":{"a":0,"k":[258.377,329.734,0],"ix":1},"s":{"a":0,"k":[47.345,46.233,100],"ix":6}},"ao":0,"shapes":[{"ty":"gr","it":[{"ind":0,"ty":"sh","ix":1,"ks":{"a":0,"k":{"i":[[-54.539,23.33],[0,0],[0,0],[-2.098,-7.775]],"o":[[4.993,-11.598],[-46.689,31.956],[0,0],[16.448,4.086]],"v":[[53.767,-1.401],[60.627,-21.929],[-60.627,-1.531],[-58.141,12.09]],"c":true},"ix":2},"nm":"Tracé 1","mn":"ADBE Vector Shape - Group","hd":false},{"ty":"fl","c":{"a":0,"k":[1,1,1,1],"ix":4},"o":{"a":0,"k":100,"ix":5},"r":1,"bm":0,"nm":"Fond 1","mn":"ADBE Vector Graphic - Fill","hd":false},{"ty":"tr","p":{"a":0,"k":[259.937,527.861],"ix":2},"a":{"a":0,"k":[0,0],"ix":1},"s":{"a":0,"k":[100,100],"ix":3},"r":{"a":0,"k":0,"ix":6},"o":{"a":0,"k":100,"ix":7},"sk":{"a":0,"k":0,"ix":4},"sa":{"a":0,"k":0,"ix":5},"nm":"Transformer "}],"nm":"Groupe 1","np":4,"cix":2,"bm":0,"ix":1,"mn":"ADBE Vector Group","hd":false},{"ty":"gr","it":[{"ind":0,"ty":"sh","ix":1,"ks":{"a":0,"k":{"i":[[0,0],[-48.659,33.305],[62.375,-0.036]],"o":[[0,0],[0,0],[-44.643,0.027]],"v":[[-63.185,-16.666],[63.185,-37.924],[-15,37.897]],"c":true},"ix":2},"nm":"Tracé 1","mn":"ADBE Vector Shape - Group","hd":false},{"ty":"fl","c":{"a":0,"k":[0.317999985639,0.20800000359,0.152999997606,1],"ix":4},"o":{"a":0,"k":100,"ix":5},"r":1,"bm":0,"nm":"Fond 1","mn":"ADBE Vector Graphic - Fill","hd":false},{"ty":"tr","p":{"a":0,"k":[259.661,540.845],"ix":2},"a":{"a":0,"k":[0,0],"ix":1},"s":{"a":0,"k":[100,100],"ix":3},"r":{"a":0,"k":0,"ix":6},"o":{"a":0,"k":100,"ix":7},"sk":{"a":0,"k":0,"ix":4},"sa":{"a":0,"k":0,"ix":5},"nm":"Transformer "}],"nm":"Groupe 2","np":4,"cix":2,"bm":0,"ix":2,"mn":"ADBE Vector Group","hd":false},{"ty":"gr","it":[{"ind":0,"ty":"sh","ix":1,"ks":{"a":0,"k":{"i":[[11.751,16.35],[33.542,-8.503],[91.881,56.311],[-25.127,-11.965],[-42.052,-27.033],[0,0],[-9.821,90.818]],"o":[[-21.731,-30.235],[-30.069,7.624],[58.24,66.159],[31.539,15.019],[42.051,27.033],[0.101,-22.957],[-22.527,-10.301]],"v":[[165.804,-92.692],[58.565,-107.809],[-231.556,-137.751],[-21.051,-61.961],[141.147,-73.975],[186.443,137.751],[231.556,-36.903]],"c":true},"ix":2},"nm":"Tracé 1","mn":"ADBE Vector Shape - Group","hd":false},{"ty":"fl","c":{"a":0,"k":[0.277999997606,0.152999997606,0.102000000898,1],"ix":4},"o":{"a":0,"k":100,"ix":5},"r":1,"bm":0,"nm":"Fond 1","mn":"ADBE Vector Graphic - Fill","hd":false},{"ty":"tr","p":{"a":0,"k":[260.091,285.984],"ix":2},"a":{"a":0,"k":[0,0],"ix":1},"s":{"a":0,"k":[100,100],"ix":3},"r":{"a":0,"k":0,"ix":6},"o":{"a":0,"k":100,"ix":7},"sk":{"a":0,"k":0,"ix":4},"sa":{"a":0,"k":0,"ix":5},"nm":"Transformer "}],"nm":"Groupe 3","np":4,"cix":2,"bm":0,"ix":3,"mn":"ADBE Vector Group","hd":false},{"ty":"gr","it":[{"ind":0,"ty":"sh","ix":1,"ks":{"a":0,"k":{"i":[[-69.917,12.283],[-91.648,-75.586],[-29.132,-42.434],[0,0],[46.556,-34.542],[0,0]],"o":[[69.917,-12.282],[0,0],[-19.63,-55.51],[-87.107,-91.613],[-46.557,34.543],[0,0]],"v":[[-130.738,37.657],[148.931,29.154],[244.117,76.018],[155.369,15.594],[-123.971,6.582],[-244.117,6.582]],"c":true},"ix":2},"nm":"Tracé 1","mn":"ADBE Vector Shape - Group","hd":false},{"ty":"fl","c":{"a":0,"k":[0.536999990426,0.372999991623,0.305999995213,1],"ix":4},"o":{"a":0,"k":100,"ix":5},"r":1,"bm":0,"nm":"Fond 1","mn":"ADBE Vector Graphic - Fill","hd":false},{"ty":"tr","p":{"a":0,"k":[244.367,76.269],"ix":2},"a":{"a":0,"k":[0,0],"ix":1},"s":{"a":0,"k":[100,100],"ix":3},"r":{"a":0,"k":0,"ix":6},"o":{"a":0,"k":100,"ix":7},"sk":{"a":0,"k":0,"ix":4},"sa":{"a":0,"k":0,"ix":5},"nm":"Transformer "}],"nm":"Groupe 4","np":4,"cix":2,"bm":0,"ix":4,"mn":"ADBE Vector Group","hd":false},{"ty":"gr","it":[{"ind":0,"ty":"sh","ix":1,"ks":{"a":0,"k":{"i":[[0.125,-28.534],[42.051,27.034],[31.539,15.019],[15.017,133.663],[-46.557,34.543],[-87.106,-91.612],[-4.61,-79.52]],"o":[[0,0],[-42.052,-27.032],[-31.538,-15.018],[0,0],[46.556,-34.542],[0,0],[7.559,130.386]],"v":[[195.905,211.742],[150.609,0.015],[-11.589,12.03],[-250.38,-129.142],[-130.234,-129.142],[149.106,-120.13],[242.82,-34.29]],"c":true},"ix":2},"nm":"Tracé 1","mn":"ADBE Vector Shape - Group","hd":false},{"ty":"fl","c":{"a":0,"k":[0.426999978458,0.263000009574,0.187999994615,1],"ix":4},"o":{"a":0,"k":100,"ix":5},"r":1,"bm":0,"nm":"Fond 1","mn":"ADBE Vector Graphic - Fill","hd":false},{"ty":"tr","p":{"a":0,"k":[250.629,211.993],"ix":2},"a":{"a":0,"k":[0,0],"ix":1},"s":{"a":0,"k":[100,100],"ix":3},"r":{"a":0,"k":0,"ix":6},"o":{"a":0,"k":100,"ix":7},"sk":{"a":0,"k":0,"ix":4},"sa":{"a":0,"k":0,"ix":5},"nm":"Transformer "}],"nm":"Groupe 5","np":4,"cix":2,"bm":0,"ix":5,"mn":"ADBE Vector Group","hd":false},{"ty":"gr","it":[{"ind":0,"ty":"sh","ix":1,"ks":{"a":0,"k":{"i":[[0,0],[-7.849,-183.863],[-24.566,82.201]],"o":[[0,0],[0,0],[0,0]],"v":[[55.746,-95.145],[5.38,131.992],[-31.18,-131.993]],"c":true},"ix":2},"nm":"Tracé 1","mn":"ADBE Vector Shape - Group","hd":false},{"ty":"fl","c":{"a":0,"k":[0.277999997606,0.152999997606,0.102000000898,1],"ix":4},"o":{"a":0,"k":100,"ix":5},"r":1,"bm":0,"nm":"Fond 1","mn":"ADBE Vector Graphic - Fill","hd":false},{"ty":"tr","p":{"a":0,"k":[81.506,291.743],"ix":2},"a":{"a":0,"k":[0,0],"ix":1},"s":{"a":0,"k":[100,100],"ix":3},"r":{"a":0,"k":0,"ix":6},"o":{"a":0,"k":100,"ix":7},"sk":{"a":0,"k":0,"ix":4},"sa":{"a":0,"k":0,"ix":5},"nm":"Transformer "}],"nm":"Groupe 6","np":4,"cix":2,"bm":0,"ix":6,"mn":"ADBE Vector Group","hd":false},{"ty":"gr","it":[{"ind":0,"ty":"sh","ix":1,"ks":{"a":0,"k":{"i":[[0,0],[0.507,0.078],[0,0],[-23.516,-7.839]],"o":[[-22.713,-7.57],[0,0],[2.1,0.321],[0,0]],"v":[[35.224,12.599],[-38.362,-2.792],[-36.863,-12.599],[38.362,3.188]],"c":true},"ix":2},"nm":"Tracé 1","mn":"ADBE Vector Shape - Group","hd":false},{"ty":"fl","c":{"a":0,"k":[0.426999978458,0.263000009574,0.187999994615,1],"ix":4},"o":{"a":0,"k":100,"ix":5},"r":1,"bm":0,"nm":"Fond 1","mn":"ADBE Vector Graphic - Fill","hd":false},{"ty":"tr","p":{"a":0,"k":[351.073,307.517],"ix":2},"a":{"a":0,"k":[0,0],"ix":1},"s":{"a":0,"k":[100,100],"ix":3},"r":{"a":0,"k":0,"ix":6},"o":{"a":0,"k":100,"ix":7},"sk":{"a":0,"k":0,"ix":4},"sa":{"a":0,"k":0,"ix":5},"nm":"Transformer "}],"nm":"Groupe 7","np":4,"cix":2,"bm":0,"ix":7,"mn":"ADBE Vector Group","hd":false},{"ty":"gr","it":[{"ind":0,"ty":"sh","ix":1,"ks":{"a":0,"k":{"i":[[0.561,-0.07],[0,0],[-24.908,1.411],[0,0]],"o":[[0,0],[2.304,-0.291],[0,0],[-24.565,1.391]],"v":[[-39.845,9.189],[-41.085,-0.653],[40.525,-9.189],[41.085,0.717]],"c":true},"ix":2},"nm":"Tracé 1","mn":"ADBE Vector Shape - Group","hd":false},{"ty":"fl","c":{"a":0,"k":[0.426999978458,0.263000009574,0.187999994615,1],"ix":4},"o":{"a":0,"k":100,"ix":5},"r":1,"bm":0,"nm":"Fond 1","mn":"ADBE Vector Graphic - Fill","hd":false},{"ty":"tr","p":{"a":0,"k":[163.306,315.395],"ix":2},"a":{"a":0,"k":[0,0],"ix":1},"s":{"a":0,"k":[100,100],"ix":3},"r":{"a":0,"k":0,"ix":6},"o":{"a":0,"k":100,"ix":7},"sk":{"a":0,"k":0,"ix":4},"sa":{"a":0,"k":0,"ix":5},"nm":"Transformer "}],"nm":"Groupe 8","np":4,"cix":2,"bm":0,"ix":8,"mn":"ADBE Vector Group","hd":false},{"ty":"gr","it":[{"ind":0,"ty":"sh","ix":1,"ks":{"a":0,"k":{"i":[[-32.646,-0.43],[1.506,13.347],[-10.344,2.507],[-0.148,0.254],[26.989,-10.687],[-0.484,-4.294]],"o":[[-34.956,8.856],[-0.981,-8.692],[21.3,-5.164],[0.134,6.031],[-5.836,2.31],[0.845,7.487]],"v":[[28.214,29.59],[-27.233,10.589],[-11.819,-7.848],[24.48,-38.446],[-9.815,0.416],[-18.783,9.636]],"c":true},"ix":2},"nm":"Tracé 1","mn":"ADBE Vector Shape - Group","hd":false},{"ty":"fl","c":{"a":0,"k":[0.819999964097,0.522000002394,0.426999978458,1],"ix":4},"o":{"a":0,"k":100,"ix":5},"r":1,"bm":0,"nm":"Fond 1","mn":"ADBE Vector Graphic - Fill","hd":false},{"ty":"tr","p":{"a":0,"k":[231.447,465.103],"ix":2},"a":{"a":0,"k":[0,0],"ix":1},"s":{"a":0,"k":[100,100],"ix":3},"r":{"a":0,"k":0,"ix":6},"o":{"a":0,"k":100,"ix":7},"sk":{"a":0,"k":0,"ix":4},"sa":{"a":0,"k":0,"ix":5},"nm":"Transformer "}],"nm":"Groupe 9","np":4,"cix":2,"bm":0,"ix":9,"mn":"ADBE Vector Group","hd":false},{"ty":"gr","it":[{"ind":0,"ty":"sh","ix":1,"ks":{"a":0,"k":{"i":[[0,-20.872],[10.958,0],[0,20.873],[-10.958,0]],"o":[[0,20.873],[-10.958,0],[0,-20.872],[10.958,0]],"v":[[19.842,-0.001],[0,37.793],[-19.842,-0.001],[0,-37.793]],"c":true},"ix":2},"nm":"Tracé 1","mn":"ADBE Vector Shape - Group","hd":false},{"ty":"fl","c":{"a":0,"k":[0.310000011968,0.195999998205,0.165000002992,1],"ix":4},"o":{"a":0,"k":100,"ix":5},"r":1,"bm":0,"nm":"Fond 1","mn":"ADBE Vector Graphic - Fill","hd":false},{"ty":"tr","p":{"a":0,"k":[342.75,404.461],"ix":2},"a":{"a":0,"k":[0,0],"ix":1},"s":{"a":0,"k":[100,100],"ix":3},"r":{"a":0,"k":0,"ix":6},"o":{"a":0,"k":100,"ix":7},"sk":{"a":0,"k":0,"ix":4},"sa":{"a":0,"k":0,"ix":5},"nm":"Transformer "}],"nm":"Groupe 10","np":4,"cix":2,"bm":0,"ix":10,"mn":"ADBE Vector Group","hd":false},{"ty":"gr","it":[{"ind":0,"ty":"sh","ix":1,"ks":{"a":0,"k":{"i":[[0,-20.872],[10.959,0],[0,20.873],[-10.957,0]],"o":[[0,20.873],[-10.957,0],[0,-20.872],[10.959,0]],"v":[[19.842,-0.001],[0,37.793],[-19.842,-0.001],[0,-37.793]],"c":true},"ix":2},"nm":"Tracé 1","mn":"ADBE Vector Shape - Group","hd":false},{"ty":"fl","c":{"a":0,"k":[0.310000011968,0.195999998205,0.165000002992,1],"ix":4},"o":{"a":0,"k":100,"ix":5},"r":1,"bm":0,"nm":"Fond 1","mn":"ADBE Vector Graphic - Fill","hd":false},{"ty":"tr","p":{"a":0,"k":[174.098,404.461],"ix":2},"a":{"a":0,"k":[0,0],"ix":1},"s":{"a":0,"k":[100,100],"ix":3},"r":{"a":0,"k":0,"ix":6},"o":{"a":0,"k":100,"ix":7},"sk":{"a":0,"k":0,"ix":4},"sa":{"a":0,"k":0,"ix":5},"nm":"Transformer "}],"nm":"Groupe 11","np":4,"cix":2,"bm":0,"ix":11,"mn":"ADBE Vector Group","hd":false},{"ty":"gr","it":[{"ind":0,"ty":"sh","ix":1,"ks":{"a":0,"k":{"i":[[0,0],[108.211,0],[0,0],[14.173,116.214],[0,0],[-108.211,0],[0,0],[0,-108.212]],"o":[[-16.299,114.796],[0,0],[-108.211,0],[0,0],[0,-108.212],[0,0],[108.211,0],[0,0]],"v":[[173.377,96.839],[0.355,289.764],[-0.354,289.764],[-177.155,94.948],[-196.288,-94.101],[-0.354,-289.764],[0.355,-289.764],[196.288,-94.101]],"c":true},"ix":2},"nm":"Tracé 1","mn":"ADBE Vector Shape - Group","hd":false},{"ty":"fl","c":{"a":0,"k":[0.957000014361,0.725,0.54900004069,1],"ix":4},"o":{"a":0,"k":100,"ix":5},"r":1,"bm":0,"nm":"Fond 1","mn":"ADBE Vector Graphic - Fill","hd":false},{"ty":"tr","p":{"a":0,"k":[268.108,369.453],"ix":2},"a":{"a":0,"k":[0,0],"ix":1},"s":{"a":0,"k":[100,100],"ix":3},"r":{"a":0,"k":0,"ix":6},"o":{"a":0,"k":100,"ix":7},"sk":{"a":0,"k":0,"ix":4},"sa":{"a":0,"k":0,"ix":5},"nm":"Transformer "}],"nm":"Groupe 12","np":4,"cix":2,"bm":0,"ix":12,"mn":"ADBE Vector Group","hd":false},{"ty":"gr","it":[{"ind":0,"ty":"sh","ix":1,"ks":{"a":0,"k":{"i":[[0,0],[-2.506,1.951],[3.228,23.159],[-7.538,1.317],[-1.605,-7.609],[8.771,-1.533],[-2.996,-21.497],[7.441,-8.629]],"o":[[1.277,1.243],[7.489,-5.831],[-2.2,-15.791],[5.813,-1.009],[2.233,-14.573],[-11.834,2.069],[3.907,28.049],[-1.578,1.83]],"v":[[-22.247,39.77],[-14.047,39.952],[-8.458,-4.716],[3.36,-31.421],[20.014,-20.746],[1.797,-40.37],[-17.455,-3.462],[-18.067,37.549]],"c":true},"ix":2},"nm":"Tracé 1","mn":"ADBE Vector Shape - Group","hd":false},{"ty":"fl","c":{"a":0,"k":[0.819999964097,0.522000002394,0.426999978458,1],"ix":4},"o":{"a":0,"k":100,"ix":5},"r":1,"bm":0,"nm":"Fond 1","mn":"ADBE Vector Graphic - Fill","hd":false},{"ty":"tr","p":{"a":0,"k":[473.436,415.976],"ix":2},"a":{"a":0,"k":[0,0],"ix":1},"s":{"a":0,"k":[100,100],"ix":3},"r":{"a":0,"k":0,"ix":6},"o":{"a":0,"k":100,"ix":7},"sk":{"a":0,"k":0,"ix":4},"sa":{"a":0,"k":0,"ix":5},"nm":"Transformer "}],"nm":"Groupe 13","np":4,"cix":2,"bm":0,"ix":13,"mn":"ADBE Vector Group","hd":false},{"ty":"gr","it":[{"ind":0,"ty":"sh","ix":1,"ks":{"a":0,"k":{"i":[[-25.346,52.005],[18.928,-97.655],[0,0]],"o":[[0,0],[-10.375,53.53],[0,0]],"v":[[-19.418,-52.107],[25.836,22.062],[-30.944,61.943]],"c":true},"ix":2},"nm":"Tracé 1","mn":"ADBE Vector Shape - Group","hd":false},{"ty":"fl","c":{"a":0,"k":[0.957000014361,0.725,0.54900004069,1],"ix":4},"o":{"a":0,"k":100,"ix":5},"r":1,"bm":0,"nm":"Fond 1","mn":"ADBE Vector Graphic - Fill","hd":false},{"ty":"tr","p":{"a":0,"k":[471.74,409.5],"ix":2},"a":{"a":0,"k":[0,0],"ix":1},"s":{"a":0,"k":[100,100],"ix":3},"r":{"a":0,"k":0,"ix":6},"o":{"a":0,"k":100,"ix":7},"sk":{"a":0,"k":0,"ix":4},"sa":{"a":0,"k":0,"ix":5},"nm":"Transformer "}],"nm":"Groupe 14","np":4,"cix":2,"bm":0,"ix":14,"mn":"ADBE Vector Group","hd":false},{"ty":"gr","it":[{"ind":0,"ty":"sh","ix":1,"ks":{"a":0,"k":{"i":[[0,0],[2.506,1.951],[-3.227,23.159],[7.538,1.317],[1.605,-7.609],[-8.771,-1.533],[2.996,-21.497],[-7.441,-8.629]],"o":[[-1.277,1.243],[-7.489,-5.831],[2.2,-15.791],[-5.812,-1.009],[-2.233,-14.573],[11.835,2.069],[-3.907,28.049],[1.578,1.83]],"v":[[22.247,39.77],[14.047,39.952],[8.458,-4.716],[-3.36,-31.421],[-20.014,-20.746],[-1.797,-40.37],[17.455,-3.462],[18.067,37.549]],"c":true},"ix":2},"nm":"Tracé 1","mn":"ADBE Vector Shape - Group","hd":false},{"ty":"fl","c":{"a":0,"k":[0.819999964097,0.522000002394,0.426999978458,1],"ix":4},"o":{"a":0,"k":100,"ix":5},"r":1,"bm":0,"nm":"Fond 1","mn":"ADBE Vector Graphic - Fill","hd":false},{"ty":"tr","p":{"a":0,"k":[59.336,415.976],"ix":2},"a":{"a":0,"k":[0,0],"ix":1},"s":{"a":0,"k":[100,100],"ix":3},"r":{"a":0,"k":0,"ix":6},"o":{"a":0,"k":100,"ix":7},"sk":{"a":0,"k":0,"ix":4},"sa":{"a":0,"k":0,"ix":5},"nm":"Transformer "}],"nm":"Groupe 15","np":4,"cix":2,"bm":0,"ix":15,"mn":"ADBE Vector Group","hd":false},{"ty":"gr","it":[{"ind":0,"ty":"sh","ix":1,"ks":{"a":0,"k":{"i":[[25.345,52.005],[-18.928,-97.655],[0,0]],"o":[[0,0],[10.375,53.53],[0,0]],"v":[[19.419,-52.107],[-25.836,22.062],[30.944,61.943]],"c":true},"ix":2},"nm":"Tracé 1","mn":"ADBE Vector Shape - Group","hd":false},{"ty":"fl","c":{"a":0,"k":[0.957000014361,0.725,0.54900004069,1],"ix":4},"o":{"a":0,"k":100,"ix":5},"r":1,"bm":0,"nm":"Fond 1","mn":"ADBE Vector Graphic - Fill","hd":false},{"ty":"tr","p":{"a":0,"k":[61.032,409.5],"ix":2},"a":{"a":0,"k":[0,0],"ix":1},"s":{"a":0,"k":[100,100],"ix":3},"r":{"a":0,"k":0,"ix":6},"o":{"a":0,"k":100,"ix":7},"sk":{"a":0,"k":0,"ix":4},"sa":{"a":0,"k":0,"ix":5},"nm":"Transformer "}],"nm":"Groupe 16","np":4,"cix":2,"bm":0,"ix":16,"mn":"ADBE Vector Group","hd":false}],"ip":0,"op":60.0000024438501,"st":0,"bm":0},{"ddd":0,"ind":7,"ty":4,"nm":"Avant bras Silhouettes","parent":4,"sr":1,"ks":{"o":{"a":0,"k":100,"ix":11},"r":{"a":0,"k":-2.644,"ix":10},"p":{"a":0,"k":[35.376,-77.944,0],"ix":2},"a":{"a":0,"k":[119.085,268.261,0],"ix":1},"s":{"a":0,"k":[47.345,46.233,100],"ix":6}},"ao":0,"shapes":[{"ty":"gr","it":[{"ind":0,"ty":"sh","ix":1,"ks":{"a":0,"k":{"i":[[-46.464,-27.145],[0,0],[64.471,10.832],[11.054,-27.244]],"o":[[5.589,-28.699],[0,0],[0,0],[18.72,1.864]],"v":[[47.832,40.931],[56.452,-5.587],[-37.545,-40.931],[-56.452,4.769]],"c":true},"ix":2},"nm":"Tracé 1","mn":"ADBE Vector Shape - Group","hd":false},{"ty":"fl","c":{"a":0,"k":[0.961000031116,0.961000031116,0.961000031116,1],"ix":4},"o":{"a":0,"k":100,"ix":5},"r":1,"bm":0,"nm":"Fond 1","mn":"ADBE Vector Graphic - Fill","hd":false},{"ty":"tr","p":{"a":0,"k":[181.469,41.425],"ix":2},"a":{"a":0,"k":[0,0],"ix":1},"s":{"a":0,"k":[100,100],"ix":3},"r":{"a":0,"k":0,"ix":6},"o":{"a":0,"k":100,"ix":7},"sk":{"a":0,"k":0,"ix":4},"sa":{"a":0,"k":0,"ix":5},"nm":"Transformer "}],"nm":"Groupe 1","np":4,"cix":2,"bm":0,"ix":1,"mn":"ADBE Vector Group","hd":false},{"ty":"gr","it":[{"ind":0,"ty":"sh","ix":1,"ks":{"a":0,"k":{"i":[[0,0],[-45.196,-7.87],[-54.901,139.167],[-39.634,232.991],[64.472,10.832],[26.815,-77.755]],"o":[[-17.509,68.33],[0,0],[50.864,-128.935],[0,0],[0,0],[0,0]],"v":[[-93.702,44.531],[-73.606,243.353],[26.079,128.844],[118.802,-232.666],[24.805,-268.011],[-62.282,-43.81]],"c":false},"ix":2},"nm":"Tracé 1","mn":"ADBE Vector Shape - Group","hd":false},{"ty":"fl","c":{"a":0,"k":[0.211999990426,0.310000011968,0.419999994016,1],"ix":4},"o":{"a":0,"k":100,"ix":5},"r":1,"bm":0,"nm":"Fond 1","mn":"ADBE Vector Graphic - Fill","hd":false},{"ty":"tr","p":{"a":0,"k":[119.052,268.261],"ix":2},"a":{"a":0,"k":[0,0],"ix":1},"s":{"a":0,"k":[100,100],"ix":3},"r":{"a":0,"k":0,"ix":6},"o":{"a":0,"k":100,"ix":7},"sk":{"a":0,"k":0,"ix":4},"sa":{"a":0,"k":0,"ix":5},"nm":"Transformer "}],"nm":"Groupe 2","np":4,"cix":2,"bm":0,"ix":2,"mn":"ADBE Vector Group","hd":false}],"ip":0,"op":60.0000024438501,"st":0,"bm":0},{"ddd":0,"ind":8,"ty":4,"nm":"Main Silhouettes","parent":3,"sr":1,"ks":{"o":{"a":0,"k":100,"ix":11},"r":{"a":0,"k":-7,"ix":10},"p":{"a":0,"k":[24.011,-65.733,0],"ix":2},"a":{"a":0,"k":[121.446,173.884,0],"ix":1},"s":{"a":0,"k":[47.345,46.233,100],"ix":6}},"ao":0,"shapes":[{"ty":"gr","it":[{"ind":0,"ty":"sh","ix":1,"ks":{"a":0,"k":{"i":[[7.961,13.553],[-27.738,-75.498],[34.104,-3.925]],"o":[[0,0],[0,0],[0,0]],"v":[[-33.706,-33.714],[41.101,37.749],[-41.101,-2.959]],"c":true},"ix":2},"nm":"Tracé 1","mn":"ADBE Vector Shape - Group","hd":false},{"ty":"fl","c":{"a":0,"k":[0.885999971278,0.630999995213,0.463000009574,1],"ix":4},"o":{"a":0,"k":100,"ix":5},"r":1,"bm":0,"nm":"Fond 1","mn":"ADBE Vector Graphic - Fill","hd":false},{"ty":"tr","p":{"a":0,"k":[131.495,161.976],"ix":2},"a":{"a":0,"k":[0,0],"ix":1},"s":{"a":0,"k":[100,100],"ix":3},"r":{"a":0,"k":0,"ix":6},"o":{"a":0,"k":100,"ix":7},"sk":{"a":0,"k":0,"ix":4},"sa":{"a":0,"k":0,"ix":5},"nm":"Transformer "}],"nm":"Groupe 1","np":4,"cix":2,"bm":0,"ix":1,"mn":"ADBE Vector Group","hd":false},{"ty":"gr","it":[{"ind":0,"ty":"sh","ix":1,"ks":{"a":0,"k":{"i":[[11.512,-10.917],[0.833,-40.549],[-0.008,0.011],[29.938,47.679]],"o":[[0,0],[-0.001,0.014],[0.849,-1.24],[0,0]],"v":[[-24.385,-21.73],[0.135,41.93],[0.157,41.943],[-5.553,-41.954]],"c":true},"ix":2},"nm":"Tracé 1","mn":"ADBE Vector Shape - Group","hd":false},{"ty":"fl","c":{"a":0,"k":[0.885999971278,0.630999995213,0.463000009574,1],"ix":4},"o":{"a":0,"k":100,"ix":5},"r":1,"bm":0,"nm":"Fond 1","mn":"ADBE Vector Graphic - Fill","hd":false},{"ty":"tr","p":{"a":0,"k":[91.91,206.188],"ix":2},"a":{"a":0,"k":[0,0],"ix":1},"s":{"a":0,"k":[100,100],"ix":3},"r":{"a":0,"k":0,"ix":6},"o":{"a":0,"k":100,"ix":7},"sk":{"a":0,"k":0,"ix":4},"sa":{"a":0,"k":0,"ix":5},"nm":"Transformer "}],"nm":"Groupe 2","np":4,"cix":2,"bm":0,"ix":2,"mn":"ADBE Vector Group","hd":false},{"ty":"gr","it":[{"ind":0,"ty":"sh","ix":1,"ks":{"a":0,"k":{"i":[[0,0],[0,0],[-2.409,24.405],[7.258,6.454],[-10.513,-24.222],[0,0],[-1.156,15.46],[0,0],[-35.952,-11.385],[5.573,-24.726],[-35.405,-20.763],[3.973,-18.49],[-31.685,-30.659],[18.301,-35.389],[8.13,-4.393],[0,0]],"o":[[0,0],[0,0],[2.413,-24.409],[0,0],[10.512,24.221],[0,0],[1.158,-15.459],[0,0],[0,0],[0,0],[0,0],[0,0],[0,0],[0,0],[0,0],[0,0]],"v":[[-112.515,134.569],[-96.018,70.88],[-111.263,24.241],[-121.196,-60.299],[-90.845,-49.208],[-77.321,-8.682],[-45.308,-52.919],[-11.658,-59.681],[70.353,-149.641],[9.813,-32.235],[116.98,-117.109],[26.474,-1.249],[121.196,-41.14],[40.036,26.089],[-24.418,103.763],[-42.158,161.027]],"c":true},"ix":2},"nm":"Tracé 1","mn":"ADBE Vector Shape - Group","hd":false},{"ty":"fl","c":{"a":0,"k":[0.957000014361,0.725,0.54900004069,1],"ix":4},"o":{"a":0,"k":100,"ix":5},"r":1,"bm":0,"nm":"Fond 1","mn":"ADBE Vector Graphic - Fill","hd":false},{"ty":"tr","p":{"a":0,"k":[121.446,186.491],"ix":2},"a":{"a":0,"k":[0,0],"ix":1},"s":{"a":0,"k":[100,100],"ix":3},"r":{"a":0,"k":0,"ix":6},"o":{"a":0,"k":100,"ix":7},"sk":{"a":0,"k":0,"ix":4},"sa":{"a":0,"k":0,"ix":5},"nm":"Transformer "}],"nm":"Groupe 3","np":4,"cix":2,"bm":0,"ix":3,"mn":"ADBE Vector Group","hd":false},{"ty":"gr","it":[{"ind":0,"ty":"sh","ix":1,"ks":{"a":0,"k":{"i":[[0,0],[0,0],[-9.81,24.789],[0,0],[-31.686,-28.943],[32.535,-70.11],[-1.937,-18.569],[0,0],[8.009,-1.851],[0,0]],"o":[[0,0],[0,0],[9.809,-24.788],[0,0],[0,0],[0,0],[1.938,18.572],[0,0],[0,0],[0,0]],"v":[[-72.846,129.991],[-55.468,85.442],[-56.747,24.146],[-29.198,-19.011],[56.058,-126.339],[12.598,-37.353],[70.908,21.063],[30.44,96.339],[-1.75,112.94],[-22.133,155.282]],"c":true},"ix":2},"nm":"Tracé 1","mn":"ADBE Vector Shape - Group","hd":false},{"ty":"fl","c":{"a":0,"k":[0.957000014361,0.725,0.54900004069,1],"ix":4},"o":{"a":0,"k":100,"ix":5},"r":1,"bm":0,"nm":"Fond 1","mn":"ADBE Vector Graphic - Fill","hd":false},{"ty":"tr","p":{"a":0,"k":[91.973,155.533],"ix":2},"a":{"a":0,"k":[0,0],"ix":1},"s":{"a":0,"k":[100,100],"ix":3},"r":{"a":0,"k":0,"ix":6},"o":{"a":0,"k":100,"ix":7},"sk":{"a":0,"k":0,"ix":4},"sa":{"a":0,"k":0,"ix":5},"nm":"Transformer "}],"nm":"Groupe 4","np":4,"cix":2,"bm":0,"ix":4,"mn":"ADBE Vector Group","hd":false}],"ip":0,"op":60.0000024438501,"st":0,"bm":0},{"ddd":0,"ind":9,"ty":4,"nm":"Corps Silhouettes","sr":1,"ks":{"o":{"a":0,"k":100,"ix":11},"r":{"a":0,"k":0,"ix":10},"p":{"a":0,"k":[494.388,950.676,0],"ix":2},"a":{"a":0,"k":[430.089,704.506,0],"ix":1},"s":{"a":0,"k":[47.345,46.233,100],"ix":6}},"ao":0,"shapes":[{"ty":"gr","it":[{"ind":0,"ty":"sh","ix":1,"ks":{"a":0,"k":{"i":[[-9.082,112.919],[0,0],[-14.307,-12.605],[7.794,-5.669],[-5.669,-5.669],[-19.842,-22.676],[-72.988,-124.717],[-12.152,0.062],[5.793,44.3]],"o":[[-18.646,120.599],[0,0],[9.92,8.74],[-7.796,5.668],[5.669,5.669],[19.842,22.676],[0,0],[-45.139,-63.728],[-2.092,-15.989]],"v":[[-41.73,-345.945],[-76.976,-100.424],[-82.407,-69.716],[-99.65,-50.111],[-86.649,-28.853],[-90.202,2.563],[89.551,343.881],[110.044,345.883],[-61.385,-52.238]],"c":true},"ix":2},"nm":"Tracé 1","mn":"ADBE Vector Shape - Group","hd":false},{"ty":"fl","c":{"a":0,"k":[0.243000000598,0.250999989229,0.383999992819,1],"ix":4},"o":{"a":0,"k":100,"ix":5},"r":1,"bm":0,"nm":"Fond 1","mn":"ADBE Vector Graphic - Fill","hd":false},{"ty":"tr","p":{"a":0,"k":[110.295,857.861],"ix":2},"a":{"a":0,"k":[0,0],"ix":1},"s":{"a":0,"k":[100,100],"ix":3},"r":{"a":0,"k":0,"ix":6},"o":{"a":0,"k":100,"ix":7},"sk":{"a":0,"k":0,"ix":4},"sa":{"a":0,"k":0,"ix":5},"nm":"Transformer "}],"nm":"Groupe 1","np":4,"cix":2,"bm":0,"ix":1,"mn":"ADBE Vector Group","hd":false},{"ty":"gr","it":[{"ind":0,"ty":"sh","ix":1,"ks":{"a":0,"k":{"i":[[7.512,24.096],[19.026,0.282],[-6.645,-11.351],[-31.888,56.689]],"o":[[-38.151,40.891],[6.814,12.32],[0,0],[0,0]],"v":[[45.594,-47.988],[-57.815,-3.35],[-37.596,32.253],[57.815,-8.702]],"c":true},"ix":2},"nm":"Tracé 1","mn":"ADBE Vector Shape - Group","hd":false},{"ty":"fl","c":{"a":0,"k":[0.961000031116,0.961000031116,0.961000031116,1],"ix":4},"o":{"a":0,"k":100,"ix":5},"r":1,"bm":0,"nm":"Fond 1","mn":"ADBE Vector Graphic - Fill","hd":false},{"ty":"tr","p":{"a":0,"k":[236.273,1169.519],"ix":2},"a":{"a":0,"k":[0,0],"ix":1},"s":{"a":0,"k":[100,100],"ix":3},"r":{"a":0,"k":0,"ix":6},"o":{"a":0,"k":100,"ix":7},"sk":{"a":0,"k":0,"ix":4},"sa":{"a":0,"k":0,"ix":5},"nm":"Transformer "}],"nm":"Groupe 2","np":4,"cix":2,"bm":0,"ix":2,"mn":"ADBE Vector Group","hd":false},{"ty":"gr","it":[{"ind":0,"ty":"sh","ix":1,"ks":{"a":0,"k":{"i":[[0,0],[0,0],[-16.062,-24.565],[-15.117,50.549],[0,0]],"o":[[0,0],[0,0],[0,0],[0,0],[0,0]],"v":[[-58.579,-51.748],[-25.51,5.888],[-6.614,82.418],[58.579,-5.985],[5.664,-82.419]],"c":true},"ix":2},"nm":"Tracé 1","mn":"ADBE Vector Shape - Group","hd":false},{"ty":"fl","c":{"a":0,"k":[0.885999971278,0.630999995213,0.463000009574,1],"ix":4},"o":{"a":0,"k":100,"ix":5},"r":1,"bm":0,"nm":"Fond 1","mn":"ADBE Vector Graphic - Fill","hd":false},{"ty":"tr","p":{"a":0,"k":[259.247,1231],"ix":2},"a":{"a":0,"k":[0,0],"ix":1},"s":{"a":0,"k":[100,100],"ix":3},"r":{"a":0,"k":0,"ix":6},"o":{"a":0,"k":100,"ix":7},"sk":{"a":0,"k":0,"ix":4},"sa":{"a":0,"k":0,"ix":5},"nm":"Transformer "}],"nm":"Groupe 3","np":4,"cix":2,"bm":0,"ix":3,"mn":"ADBE Vector Group","hd":false},{"ty":"gr","it":[{"ind":0,"ty":"sh","ix":1,"ks":{"a":0,"k":{"i":[[93.538,147.481],[22.676,-55.272],[0,0],[-14.307,-12.604],[7.794,-5.668],[-5.669,-5.669],[-19.842,-22.675],[-72.988,-124.717],[-31.888,56.689],[12.755,28.345],[0,0]],"o":[[0,0],[-22.676,55.273],[0,0],[9.92,8.74],[-7.796,5.668],[5.669,5.669],[19.842,22.676],[0,0],[0,0],[0,0],[0,0]],"v":[[17.338,-493.582],[-37.903,-427.061],[-114.434,33.544],[-119.866,64.251],[-137.109,83.856],[-124.108,105.114],[-127.661,136.53],[52.092,477.849],[147.503,436.893],[33.651,82.502],[64.657,-98.972]],"c":true},"ix":2},"nm":"Tracé 1","mn":"ADBE Vector Shape - Group","hd":false},{"ty":"fl","c":{"a":0,"k":[0.211999990426,0.310000011968,0.419999994016,1],"ix":4},"o":{"a":0,"k":100,"ix":5},"r":1,"bm":0,"nm":"Fond 1","mn":"ADBE Vector Graphic - Fill","hd":false},{"ty":"tr","p":{"a":0,"k":[147.753,724.262],"ix":2},"a":{"a":0,"k":[0,0],"ix":1},"s":{"a":0,"k":[100,100],"ix":3},"r":{"a":0,"k":0,"ix":6},"o":{"a":0,"k":100,"ix":7},"sk":{"a":0,"k":0,"ix":4},"sa":{"a":0,"k":0,"ix":5},"nm":"Transformer "}],"nm":"Groupe 4","np":4,"cix":2,"bm":0,"ix":4,"mn":"ADBE Vector Group","hd":false},{"ty":"gr","it":[{"ind":0,"ty":"sh","ix":1,"ks":{"a":0,"k":{"i":[[0,0],[0,0]],"o":[[164.4,-2.834],[-107.712,209.752]],"v":[[-36.948,30.236],[246.501,-112.904]],"c":true},"ix":2},"nm":"Tracé 1","mn":"ADBE Vector Shape - Group","hd":false},{"ind":1,"ty":"sh","ix":2,"ks":{"a":0,"k":{"i":[[185.724,57.197],[-97.789,97.79]],"o":[[0,0],[0,0]],"v":[[-99.242,152.629],[158.631,67.085]],"c":true},"ix":2},"nm":"Tracé 2","mn":"ADBE Vector Shape - Group","hd":false},{"ind":2,"ty":"sh","ix":3,"ks":{"a":0,"k":{"i":[[107.542,266.441],[-195.579,8.504]],"o":[[0,0],[0,0]],"v":[[-256.79,-73.222],[35.331,86.926]],"c":true},"ix":2},"nm":"Tracé 3","mn":"ADBE Vector Shape - Group","hd":false},{"ind":3,"ty":"sh","ix":4,"ks":{"a":0,"k":{"i":[[0,0],[0,0],[137.156,1.679],[52.076,113.825],[0,0],[0,0],[-256.521,0],[0,0],[0,0]],"o":[[0,0],[-73.142,119.756],[-115.088,-1.408],[0,0],[0,0],[0,0],[0,0],[256.521,0],[0,0]],"v":[[288.081,-225.424],[292.445,-254.788],[-30.445,-15.115],[-278.311,-243.835],[-275.525,-225.081],[-296.303,121.732],[-2.934,254.788],[15.49,254.788],[296.303,125.984]],"c":true},"ix":2},"nm":"Tracé 4","mn":"ADBE Vector Shape - Group","hd":false},{"ty":"mm","mm":1,"nm":"Fusionner les tracés 1","mn":"ADBE Vector Filter - Merge","hd":false},{"ty":"fl","c":{"a":0,"k":[0.243000000598,0.250999989229,0.383999992819,1],"ix":4},"o":{"a":0,"k":100,"ix":5},"r":1,"bm":0,"nm":"Fond 1","mn":"ADBE Vector Graphic - Fill","hd":false},{"ty":"tr","p":{"a":0,"k":[494.594,996.503],"ix":2},"a":{"a":0,"k":[0,0],"ix":1},"s":{"a":0,"k":[100,100],"ix":3},"r":{"a":0,"k":0,"ix":6},"o":{"a":0,"k":100,"ix":7},"sk":{"a":0,"k":0,"ix":4},"sa":{"a":0,"k":0,"ix":5},"nm":"Transformer "}],"nm":"Groupe 5","np":8,"cix":2,"bm":0,"ix":5,"mn":"ADBE Vector Group","hd":false},{"ty":"gr","it":[{"ind":0,"ty":"sh","ix":1,"ks":{"a":0,"k":{"i":[[0,0],[0,0],[0,0],[0,0],[0,0],[0,0]],"o":[[0,0],[0,0],[0,0],[0,0],[0,0],[0,0]],"v":[[-281.79,11.654],[-282.027,15.216],[281.912,15.216],[281.816,11.483],[285.837,-15.215],[-285.838,-15.215]],"c":true},"ix":2},"nm":"Tracé 1","mn":"ADBE Vector Shape - Group","hd":false},{"ty":"fl","c":{"a":0,"k":[0.961000031116,0.961000031116,0.961000031116,1],"ix":4},"o":{"a":0,"k":100,"ix":5},"r":1,"bm":0,"nm":"Fond 1","mn":"ADBE Vector Graphic - Fill","hd":false},{"ty":"tr","p":{"a":0,"k":[500.859,760.011],"ix":2},"a":{"a":0,"k":[0,0],"ix":1},"s":{"a":0,"k":[100,100],"ix":3},"r":{"a":0,"k":0,"ix":6},"o":{"a":0,"k":100,"ix":7},"sk":{"a":0,"k":0,"ix":4},"sa":{"a":0,"k":0,"ix":5},"nm":"Transformer "}],"nm":"Groupe 6","np":4,"cix":2,"bm":0,"ix":6,"mn":"ADBE Vector Group","hd":false},{"ty":"gr","it":[{"ind":0,"ty":"sh","ix":1,"ks":{"a":0,"k":{"i":[[0,0],[0,0],[0,0],[0,0]],"o":[[0,0],[0,0],[0,0],[0,0]],"v":[[-298.894,31.782],[298.892,31.782],[308.369,-31.782],[-308.369,-31.782]],"c":true},"ix":2},"nm":"Tracé 1","mn":"ADBE Vector Shape - Group","hd":false},{"ty":"fl","c":{"a":0,"k":[0.961000031116,0.961000031116,0.961000031116,1],"ix":4},"o":{"a":0,"k":100,"ix":5},"r":1,"bm":0,"nm":"Fond 1","mn":"ADBE Vector Graphic - Fill","hd":false},{"ty":"tr","p":{"a":0,"k":[500.861,625.103],"ix":2},"a":{"a":0,"k":[0,0],"ix":1},"s":{"a":0,"k":[100,100],"ix":3},"r":{"a":0,"k":0,"ix":6},"o":{"a":0,"k":100,"ix":7},"sk":{"a":0,"k":0,"ix":4},"sa":{"a":0,"k":0,"ix":5},"nm":"Transformer "}],"nm":"Groupe 7","np":4,"cix":2,"bm":0,"ix":7,"mn":"ADBE Vector Group","hd":false},{"ty":"gr","it":[{"ind":0,"ty":"sh","ix":1,"ks":{"a":0,"k":{"i":[[0,0],[0,0],[0,0],[0,0]],"o":[[0,0],[0,0],[0,0],[0,0]],"v":[[343.323,-89.939],[-343.324,-89.939],[-316.584,89.939],[316.579,89.939]],"c":true},"ix":2},"nm":"Tracé 1","mn":"ADBE Vector Shape - Group","hd":false},{"ty":"fl","c":{"a":0,"k":[0.987999949736,0.317999985639,0.522000002394,1],"ix":4},"o":{"a":0,"k":100,"ix":5},"r":1,"bm":0,"nm":"Fond 1","mn":"ADBE Vector Graphic - Fill","hd":false},{"ty":"tr","p":{"a":0,"k":[500.865,447.93],"ix":2},"a":{"a":0,"k":[0,0],"ix":1},"s":{"a":0,"k":[100,100],"ix":3},"r":{"a":0,"k":0,"ix":6},"o":{"a":0,"k":100,"ix":7},"sk":{"a":0,"k":0,"ix":4},"sa":{"a":0,"k":0,"ix":5},"nm":"Transformer "}],"nm":"Groupe 8","np":4,"cix":2,"bm":0,"ix":8,"mn":"ADBE Vector Group","hd":false},{"ty":"gr","it":[{"ind":0,"ty":"sh","ix":1,"ks":{"a":0,"k":{"i":[[-93.286,0],[-26.6,44.995],[0,0],[0,0],[0,0]],"o":[[109.105,0],[0,0],[-163.18,215.83],[0,0],[30.44,41.145]],"v":[[-2.434,26.981],[196.874,-94.282],[161.966,-107.915],[-159.748,-107.894],[-196.874,-93.382]],"c":true},"ix":2},"nm":"Tracé 1","mn":"ADBE Vector Shape - Group","hd":false},{"ty":"fl","c":{"a":0,"k":[0.961000031116,0.961000031116,0.961000031116,1],"ix":4},"o":{"a":0,"k":100,"ix":5},"r":1,"bm":0,"nm":"Fond 1","mn":"ADBE Vector Graphic - Fill","hd":false},{"ty":"tr","p":{"a":0,"k":[499.762,270.043],"ix":2},"a":{"a":0,"k":[0,0],"ix":1},"s":{"a":0,"k":[100,100],"ix":3},"r":{"a":0,"k":0,"ix":6},"o":{"a":0,"k":100,"ix":7},"sk":{"a":0,"k":0,"ix":4},"sa":{"a":0,"k":0,"ix":5},"nm":"Transformer "}],"nm":"Groupe 9","np":4,"cix":2,"bm":0,"ix":9,"mn":"ADBE Vector Group","hd":false},{"ty":"gr","it":[{"ind":0,"ty":"sh","ix":1,"ks":{"a":0,"k":{"i":[[0,0],[13.309,29.383],[-0.324,5.407],[0,0],[0.341,2.297],[0,0],[-14.576,5.703],[0,0],[-9.354,-10.18],[-128.48,150.138],[-13.345,-5.212],[0,0],[2.302,-15.491],[0,0],[-0.045,-1.913],[0,0],[1.343,-3.828],[220.558,0]],"o":[[-216.909,0],[-2.234,-4.932],[0,0],[0.139,-2.318],[0,0],[-2.3,-15.482],[0,0],[12.874,-5.038],[41.16,44.792],[9.315,-10.886],[0,0],[14.588,5.697],[0,0],[-0.281,1.894],[0,0],[0.094,4.056],[-9.371,26.699],[0,0]],"v":[[-9.21,542.688],[-299.271,418.169],[-302.147,402.423],[-282.011,66.461],[-282.314,59.52],[-356.757,-441.722],[-335.78,-477.923],[-183.212,-537.624],[-146.313,-529.139],[145.996,-527.933],[183.801,-537.476],[335.756,-478.138],[356.755,-441.925],[282.228,59.635],[281.873,65.356],[289.91,408.854],[288.021,420.77],[9.212,542.688]],"c":true},"ix":2},"nm":"Tracé 1","mn":"ADBE Vector Shape - Group","hd":false},{"ty":"fl","c":{"a":0,"k":[0.211999990426,0.310000011968,0.419999994016,1],"ix":4},"o":{"a":0,"k":100,"ix":5},"r":1,"bm":0,"nm":"Fond 1","mn":"ADBE Vector Graphic - Fill","hd":false},{"ty":"tr","p":{"a":0,"k":[500.871,708.604],"ix":2},"a":{"a":0,"k":[0,0],"ix":1},"s":{"a":0,"k":[100,100],"ix":3},"r":{"a":0,"k":0,"ix":6},"o":{"a":0,"k":100,"ix":7},"sk":{"a":0,"k":0,"ix":4},"sa":{"a":0,"k":0,"ix":5},"nm":"Transformer "}],"nm":"Groupe 10","np":4,"cix":2,"bm":0,"ix":10,"mn":"ADBE Vector Group","hd":false},{"ty":"gr","it":[{"ind":0,"ty":"sh","ix":1,"ks":{"a":0,"k":{"i":[[-64.918,65.299],[0,0],[0,0],[0,0]],"o":[[0,0],[0,0],[0,0],[39.221,45.691]],"v":[[84.867,25.36],[84.867,-90.659],[-84.867,-90.659],[-84.867,28.181]],"c":true},"ix":2},"nm":"Tracé 1","mn":"ADBE Vector Shape - Group","hd":false},{"ty":"fl","c":{"a":0,"k":[0.769000004787,0.501999978458,0.356999984442,1],"ix":4},"o":{"a":0,"k":100,"ix":5},"r":1,"bm":0,"nm":"Fond 1","mn":"ADBE Vector Graphic - Fill","hd":false},{"ty":"tr","p":{"a":0,"k":[506.222,90.909],"ix":2},"a":{"a":0,"k":[0,0],"ix":1},"s":{"a":0,"k":[100,100],"ix":3},"r":{"a":0,"k":0,"ix":6},"o":{"a":0,"k":100,"ix":7},"sk":{"a":0,"k":0,"ix":4},"sa":{"a":0,"k":0,"ix":5},"nm":"Transformer "}],"nm":"Groupe 11","np":4,"cix":2,"bm":0,"ix":11,"mn":"ADBE Vector Group","hd":false},{"ty":"gr","it":[{"ind":0,"ty":"sh","ix":1,"ks":{"a":0,"k":{"i":[[0,0],[0,0],[0,0],[-153.062,0],[0,0],[0,0],[0,0]],"o":[[0,0],[0,0],[0,0],[153.062,0],[0,0],[0,0],[0,0]],"v":[[-84.592,-157.504],[-84.592,-25.793],[-196.221,20.504],[-6.853,157.504],[196.221,28.062],[85.142,-25.793],[85.142,-157.504]],"c":true},"ix":2},"nm":"Tracé 1","mn":"ADBE Vector Shape - Group","hd":false},{"ty":"fl","c":{"a":0,"k":[0.885999971278,0.630999995213,0.463000009574,1],"ix":4},"o":{"a":0,"k":100,"ix":5},"r":1,"bm":0,"nm":"Fond 1","mn":"ADBE Vector Graphic - Fill","hd":false},{"ty":"tr","p":{"a":0,"k":[505.947,157.754],"ix":2},"a":{"a":0,"k":[0,0],"ix":1},"s":{"a":0,"k":[100,100],"ix":3},"r":{"a":0,"k":0,"ix":6},"o":{"a":0,"k":100,"ix":7},"sk":{"a":0,"k":0,"ix":4},"sa":{"a":0,"k":0,"ix":5},"nm":"Transformer "}],"nm":"Groupe 12","np":4,"cix":2,"bm":0,"ix":12,"mn":"ADBE Vector Group","hd":false},{"ty":"gr","it":[{"ind":0,"ty":"sh","ix":1,"ks":{"a":0,"k":{"i":[[-43.685,-28.002],[0,0],[0.071,0.753],[0,0],[-12.308,-26.324]],"o":[[0,0],[-80.047,-51.313],[0,0],[0.076,0.817],[11.31,24.188]],"v":[[43.673,67.179],[48.262,60.022],[-39.794,-67.179],[-48.262,-66.397],[-33.973,-19.722]],"c":true},"ix":2},"nm":"Tracé 1","mn":"ADBE Vector Shape - Group","hd":false},{"ty":"fl","c":{"a":0,"k":[0.125,0.510000011968,0.497999991623,1],"ix":4},"o":{"a":0,"k":100,"ix":5},"r":1,"bm":0,"nm":"Fond 1","mn":"ADBE Vector Graphic - Fill","hd":false},{"ty":"tr","p":{"a":0,"k":[715.36,1296.179],"ix":2},"a":{"a":0,"k":[0,0],"ix":1},"s":{"a":0,"k":[100,100],"ix":3},"r":{"a":0,"k":0,"ix":6},"o":{"a":0,"k":100,"ix":7},"sk":{"a":0,"k":0,"ix":4},"sa":{"a":0,"k":0,"ix":5},"nm":"Transformer "}],"nm":"Groupe 13","np":4,"cix":2,"bm":0,"ix":13,"mn":"ADBE Vector Group","hd":false},{"ty":"gr","it":[{"ind":0,"ty":"sh","ix":1,"ks":{"a":0,"k":{"i":[[43.685,-28.002],[0,0],[-0.07,0.753],[0,0],[12.308,-26.324]],"o":[[0,0],[80.046,-51.313],[0,0],[-0.075,0.817],[-11.311,24.188]],"v":[[-43.672,67.179],[-48.262,60.022],[39.794,-67.179],[48.262,-66.397],[33.974,-19.722]],"c":true},"ix":2},"nm":"Tracé 1","mn":"ADBE Vector Shape - Group","hd":false},{"ty":"fl","c":{"a":0,"k":[0.125,0.510000011968,0.497999991623,1],"ix":4},"o":{"a":0,"k":100,"ix":5},"r":1,"bm":0,"nm":"Fond 1","mn":"ADBE Vector Graphic - Fill","hd":false},{"ty":"tr","p":{"a":0,"k":[286.535,1296.179],"ix":2},"a":{"a":0,"k":[0,0],"ix":1},"s":{"a":0,"k":[100,100],"ix":3},"r":{"a":0,"k":0,"ix":6},"o":{"a":0,"k":100,"ix":7},"sk":{"a":0,"k":0,"ix":4},"sa":{"a":0,"k":0,"ix":5},"nm":"Transformer "}],"nm":"Groupe 14","np":4,"cix":2,"bm":0,"ix":14,"mn":"ADBE Vector Group","hd":false},{"ty":"gr","it":[{"ind":0,"ty":"sh","ix":1,"ks":{"a":0,"k":{"i":[[0,0],[0,0],[0,0],[0,0]],"o":[[0,0],[0,0],[0,0],[0,0]],"v":[[4.734,83.667],[-4.734,83.667],[-4.734,-83.667],[4.734,-83.667]],"c":true},"ix":2},"nm":"Tracé 1","mn":"ADBE Vector Shape - Group","hd":false},{"ty":"fl","c":{"a":0,"k":[0.125,0.510000011968,0.497999991623,1],"ix":4},"o":{"a":0,"k":100,"ix":5},"r":1,"bm":0,"nm":"Fond 1","mn":"ADBE Vector Graphic - Fill","hd":false},{"ty":"tr","p":{"a":0,"k":[497.918,1321.168],"ix":2},"a":{"a":0,"k":[0,0],"ix":1},"s":{"a":0,"k":[100,100],"ix":3},"r":{"a":0,"k":0,"ix":6},"o":{"a":0,"k":100,"ix":7},"sk":{"a":0,"k":0,"ix":4},"sa":{"a":0,"k":0,"ix":5},"nm":"Transformer "}],"nm":"Groupe 15","np":4,"cix":2,"bm":0,"ix":15,"mn":"ADBE Vector Group","hd":false},{"ty":"gr","it":[{"ind":0,"ty":"sh","ix":1,"ks":{"a":0,"k":{"i":[[0,0],[6.337,56.817],[-0.023,0.411],[0,0],[-42.419,-3.771]],"o":[[-25.417,-2.259],[-4.584,-41.095],[0,0],[-2.567,44.277],[0,0]],"v":[[25.789,85.777],[-22.065,-3.251],[-24.324,-85.777],[-15.831,-85.4],[26.649,78.382]],"c":true},"ix":2},"nm":"Tracé 1","mn":"ADBE Vector Shape - Group","hd":false},{"ty":"fl","c":{"a":0,"k":[0.125,0.510000011968,0.497999991623,1],"ix":4},"o":{"a":0,"k":100,"ix":5},"r":1,"bm":0,"nm":"Fond 1","mn":"ADBE Vector Graphic - Fill","hd":false},{"ty":"tr","p":{"a":0,"k":[476.358,1322.985],"ix":2},"a":{"a":0,"k":[0,0],"ix":1},"s":{"a":0,"k":[100,100],"ix":3},"r":{"a":0,"k":0,"ix":6},"o":{"a":0,"k":100,"ix":7},"sk":{"a":0,"k":0,"ix":4},"sa":{"a":0,"k":0,"ix":5},"nm":"Transformer "}],"nm":"Groupe 16","np":4,"cix":2,"bm":0,"ix":16,"mn":"ADBE Vector Group","hd":false},{"ty":"gr","it":[{"ind":0,"ty":"sh","ix":1,"ks":{"a":0,"k":{"i":[[0,0],[1.602,16.17],[0,0],[0,0],[0,0],[-2.517,-56.779]],"o":[[2.982,-46.539],[0,0],[0,0],[0,0],[0,0],[0,0]],"v":[[260.853,127.611],[263.514,28.915],[247.955,-127.611],[-236.772,-127.611],[-265.116,33.152],[-261.021,127.611]],"c":true},"ix":2},"nm":"Tracé 1","mn":"ADBE Vector Shape - Group","hd":false},{"ty":"fl","c":{"a":0,"k":[0.246999987434,0.757000014361,0.788000009574,1],"ix":4},"o":{"a":0,"k":100,"ix":5},"r":1,"bm":0,"nm":"Fond 1","mn":"ADBE Vector Graphic - Fill","hd":false},{"ty":"tr","p":{"a":0,"k":[502.048,1281.151],"ix":2},"a":{"a":0,"k":[0,0],"ix":1},"s":{"a":0,"k":[100,100],"ix":3},"r":{"a":0,"k":0,"ix":6},"o":{"a":0,"k":100,"ix":7},"sk":{"a":0,"k":0,"ix":4},"sa":{"a":0,"k":0,"ix":5},"nm":"Transformer "}],"nm":"Groupe 17","np":4,"cix":2,"bm":0,"ix":17,"mn":"ADBE Vector Group","hd":false},{"ty":"gr","it":[{"ind":0,"ty":"sh","ix":1,"ks":{"a":0,"k":{"i":[[0,0],[-231.011,130.797],[0,0],[0,0]],"o":[[0,0],[0,0],[0,0],[0,0]],"v":[[-195.437,10.132],[181.393,10.118],[242.364,-68.255],[-242.363,-68.255]],"c":true},"ix":2},"nm":"Tracé 1","mn":"ADBE Vector Shape - Group","hd":false},{"ty":"fl","c":{"a":0,"k":[0,0,0,1],"ix":4},"o":{"a":0,"k":100,"ix":5},"r":1,"bm":0,"nm":"Fond 1","mn":"ADBE Vector Graphic - Fill","hd":false},{"ty":"tr","p":{"a":0,"k":[507.638,1214.795],"ix":2},"a":{"a":0,"k":[0,0],"ix":1},"s":{"a":0,"k":[100,100],"ix":3},"r":{"a":0,"k":0,"ix":6},"o":{"a":0,"k":100,"ix":7},"sk":{"a":0,"k":0,"ix":4},"sa":{"a":0,"k":0,"ix":5},"nm":"Transformer "}],"nm":"Groupe 18","np":4,"cix":2,"bm":0,"ix":18,"mn":"ADBE Vector Group","hd":false}],"ip":0,"op":60.0000024438501,"st":0,"bm":0},{"ddd":0,"ind":10,"ty":4,"nm":"Bras Silhouettes","parent":5,"sr":1,"ks":{"o":{"a":0,"k":100,"ix":11},"r":{"a":0,"k":-0.757,"ix":10},"p":{"a":0,"k":[29.617,56.226,0],"ix":2},"a":{"a":0,"k":[272.005,330.522,0],"ix":1},"s":{"a":0,"k":[47.345,46.233,100],"ix":6}},"ao":0,"shapes":[{"ty":"gr","it":[{"ind":0,"ty":"sh","ix":1,"ks":{"a":0,"k":{"i":[[0,0],[11.407,22.661],[0,0]],"o":[[-10.79,-21.335],[2.373,111.153],[-1.905,-16.039]],"v":[[19.412,-16.98],[-19.412,-89.117],[19.412,89.117]],"c":true},"ix":2},"nm":"Tracé 1","mn":"ADBE Vector Shape - Group","hd":false},{"ty":"fl","c":{"a":0,"k":[0.243000000598,0.250999989229,0.383999992819,1],"ix":4},"o":{"a":0,"k":100,"ix":5},"r":1,"bm":0,"nm":"Fond 1","mn":"ADBE Vector Graphic - Fill","hd":false},{"ty":"tr","p":{"a":0,"k":[416.886,395.777],"ix":2},"a":{"a":0,"k":[0,0],"ix":1},"s":{"a":0,"k":[100,100],"ix":3},"r":{"a":0,"k":0,"ix":6},"o":{"a":0,"k":100,"ix":7},"sk":{"a":0,"k":0,"ix":4},"sa":{"a":0,"k":0,"ix":5},"nm":"Transformer "}],"nm":"Groupe 1","np":4,"cix":2,"bm":0,"ix":1,"mn":"ADBE Vector Group","hd":false},{"ty":"gr","it":[{"ind":0,"ty":"sh","ix":1,"ks":{"a":0,"k":{"i":[[0,0],[-79.722,-59.213],[-0.787,-0.568],[16.02,48.791],[0,0],[2.709,5.111],[0,0],[2.702,4.25],[0,0],[0,0],[11.79,4.066],[-112.713,-262.213],[-2.425,-3.286]],"o":[[0,0],[0.797,0.592],[41.617,30.086],[0,0],[-2.051,-5.409],[0,0],[-2.078,-4.587],[0,0],[0,0],[-6.433,-10.683],[-60.52,-20.875],[1.613,3.753],[0,0]],"v":[[-17.298,126.443],[171.968,298.447],[174.343,300.187],[255.734,240.43],[246.695,212.901],[213.556,139.668],[167.69,53.137],[160.513,39.867],[92.479,-83.574],[-3.185,-242.435],[-31.391,-265.255],[-159.042,-68.059],[-152.964,-57.458]],"c":true},"ix":2},"nm":"Tracé 1","mn":"ADBE Vector Shape - Group","hd":false},{"ty":"fl","c":{"a":0,"k":[0.211999990426,0.310000011968,0.419999994016,1],"ix":4},"o":{"a":0,"k":100,"ix":5},"r":1,"bm":0,"nm":"Fond 1","mn":"ADBE Vector Graphic - Fill","hd":false},{"ty":"tr","p":{"a":0,"k":[272.005,330.522],"ix":2},"a":{"a":0,"k":[0,0],"ix":1},"s":{"a":0,"k":[100,100],"ix":3},"r":{"a":0,"k":0,"ix":6},"o":{"a":0,"k":100,"ix":7},"sk":{"a":0,"k":0,"ix":4},"sa":{"a":0,"k":0,"ix":5},"nm":"Transformer "}],"nm":"Groupe 2","np":4,"cix":2,"bm":0,"ix":2,"mn":"ADBE Vector Group","hd":false}],"ip":0,"op":60.0000024438501,"st":0,"bm":0}],"markers":[]}